date,mortgage_rate_30yr,mortgage_rate_15yr,existing_home_inventory,existing_home_sales_saar,new_home_sales,median_home_price,housing_starts_total,building_permits,homeownership_rate,case_shiller_national,cpi_shelter,cpi_rent
2000-01-01,,,,,873.0,165300.0,1636.0,1727.0,67.1,100.551,190.1,180.9
2000-01-07,8.15,7.73,,,,,,,,,,
2000-01-14,8.18,7.78,,,,,,,,,,
2000-01-21,8.26,7.86,,,,,,,,,,
2000-01-28,8.25,7.84,,,,,,,,,,
2000-02-01,,,,,856.0,,1737.0,1692.0,,101.339,191.0,181.3
2000-02-04,8.25,7.85,,,,,,,,,,
2000-02-11,8.36,7.96,,,,,,,,,,
2000-02-18,8.38,8.0,,,,,,,,,,
2000-02-25,8.31,7.92,,,,,,,,,,
2000-03-01,,,,,900.0,,1604.0,1651.0,,102.126,192.2,181.9
2000-03-03,8.27,7.84,,,,,,,,,,
2000-03-10,8.23,7.81,,,,,,,,,,
2000-03-17,8.24,7.83,,,,,,,,,,
2000-03-24,8.23,7.84,,,,,,,,,,
2000-03-31,8.23,7.84,,,,,,,,,,
2000-04-01,,,,,841.0,163200.0,1626.0,1597.0,67.2,102.922,192.3,182.3
2000-04-07,8.2,7.83,,,,,,,,,,
2000-04-14,8.12,7.76,,,,,,,,,,
2000-04-21,8.16,7.82,,,,,,,,,,
2000-04-28,8.13,7.79,,,,,,,,,,
2000-05-01,,,,,857.0,,1575.0,1543.0,,103.677,192.4,182.8
2000-05-05,8.28,7.94,,,,,,,,,,
2000-05-12,8.52,8.17,,,,,,,,,,
2000-05-19,8.64,8.31,,,,,,,,,,
2000-05-26,8.62,8.31,,,,,,,,,,
2000-06-01,,,,,793.0,,1559.0,1572.0,,104.424,193.3,183.4
2000-06-02,8.54,8.24,,,,,,,,,,
2000-06-09,8.32,8.04,,,,,,,,,,
2000-06-16,8.22,7.91,,,,,,,,,,
2000-06-23,8.14,7.85,,,,,,,,,,
2000-06-30,8.22,7.92,,,,,,,,,,
2000-07-01,,,,,887.0,168800.0,1463.0,1542.0,67.7,105.055,194.1,184.1
2000-07-07,8.16,7.88,,,,,,,,,,
2000-07-14,8.09,7.8,,,,,,,,,,
2000-07-21,8.21,7.93,,,,,,,,,,
2000-07-28,8.13,7.85,,,,,,,,,,
2000-08-01,,,,,848.0,,1541.0,1552.0,,105.769,194.7,184.8
2000-08-04,8.12,7.88,,,,,,,,,,
2000-08-11,8.04,7.75,,,,,,,,,,
2000-08-18,7.96,7.7,,,,,,,,,,
2000-08-25,7.99,7.72,,,,,,,,,,
2000-09-01,7.96,7.67,,,912.0,,1507.0,1570.0,,106.539,194.6,185.4
2000-09-08,7.94,7.65,,,,,,,,,,
2000-09-15,7.88,7.6,,,,,,,,,,
2000-09-22,7.9,7.57,,,,,,,,,,
2000-09-29,7.88,7.53,,,,,,,,,,
2000-10-01,,,,,933.0,172900.0,1549.0,1577.0,67.5,107.384,195.2,186.1
2000-10-06,7.83,7.5,,,,,,,,,,
2000-10-13,7.84,7.52,,,,,,,,,,
2000-10-20,7.83,7.5,,,,,,,,,,
2000-10-27,7.68,7.36,,,,,,,,,,
2000-11-01,,,,,880.0,,1551.0,1614.0,,108.303,195.2,186.7
2000-11-03,7.73,7.41,,,,,,,,,,
2000-11-10,7.79,7.44,,,,,,,,,,
2000-11-17,7.73,7.41,,,,,,,,,,
2000-11-24,7.73,7.41,,,,,,,,,,
2000-12-01,7.65,7.35,,,983.0,,1532.0,1543.0,,109.143,195.1,187.4
2000-12-08,7.54,7.19,,,,,,,,,,
2000-12-15,7.42,7.11,,,,,,,,,,
2000-12-22,7.17,6.84,,,,,,,,,,
2000-12-29,7.13,6.79,,,,,,,,,,
2001-01-01,,,,,936.0,169800.0,1600.0,1699.0,67.5,109.848,196.4,188.0
2001-01-05,7.07,6.74,,,,,,,,,,
2001-01-12,6.89,6.49,,,,,,,,,,
2001-01-19,7.02,6.63,,,,,,,,,,
2001-01-26,7.15,6.7,,,,,,,,,,
2001-02-01,,,,,963.0,,1625.0,1656.0,,110.502,197.6,188.7
2001-02-02,7.09,6.66,,,,,,,,,,
2001-02-09,6.98,6.6,,,,,,,,,,
2001-02-16,7.01,6.61,,,,,,,,,,
2001-02-23,7.12,6.69,,,,,,,,,,
2001-03-01,,,,,939.0,,1590.0,1659.0,,111.11,198.9,189.5
2001-03-02,7.03,6.58,,,,,,,,,,
2001-03-09,6.97,6.52,,,,,,,,,,
2001-03-16,6.96,6.54,,,,,,,,,,
2001-03-23,6.89,6.44,,,,,,,,,,
2001-03-30,6.91,6.46,,,,,,,,,,
2001-04-01,,,,,909.0,179000.0,1649.0,1666.0,67.7,111.652,199.2,190.2
2001-04-06,7.01,6.54,,,,,,,,,,
2001-04-13,7.04,6.55,,,,,,,,,,
2001-04-20,7.14,6.66,,,,,,,,,,
2001-04-27,7.12,6.63,,,,,,,,,,
2001-05-01,,,,,885.0,,1605.0,1665.0,,112.164,199.6,191.1
2001-05-04,7.14,6.66,,,,,,,,,,
2001-05-11,7.1,6.61,,,,,,,,,,
2001-05-18,7.14,6.67,,,,,,,,,,
2001-05-25,7.2,6.76,,,,,,,,,,
2001-06-01,7.24,6.78,,,882.0,,1636.0,1626.0,,112.796,200.7,191.8
2001-06-08,7.2,6.74,,,,,,,,,,
2001-06-15,7.14,6.7,,,,,,,,,,
2001-06-22,7.11,6.65,,,,,,,,,,
2001-06-29,7.11,6.63,,,,,,,,,,
2001-07-01,,,,,880.0,172500.0,1670.0,1598.0,68.1,113.493,201.4,192.5
2001-07-06,7.19,6.74,,,,,,,,,,
2001-07-13,7.21,6.76,,,,,,,,,,
2001-07-20,7.08,6.65,,,,,,,,,,
2001-07-27,7.03,6.58,,,,,,,,,,
2001-08-01,,,,,866.0,,1567.0,1615.0,,114.169,202.4,193.2
2001-08-03,7.0,6.54,,,,,,,,,,
2001-08-10,7.0,6.54,,,,,,,,,,
2001-08-17,6.92,6.48,,,,,,,,,,
2001-08-24,6.91,6.47,,,,,,,,,,
2001-08-31,6.92,6.47,,,,,,,,,,
2001-09-01,,,,,853.0,,1562.0,1565.0,,114.813,202.0,194.0
2001-09-07,6.89,6.44,,,,,,,,,,
2001-09-14,6.86,6.39,,,,,,,,,,
2001-09-21,6.8,6.3,,,,,,,,,,
2001-09-28,6.72,6.23,,,,,,,,,,
2001-10-01,,,,,871.0,171100.0,1540.0,1566.0,68.0,115.31,202.4,194.7
2001-10-05,6.64,6.11,,,,,,,,,,
2001-10-12,6.58,6.06,,,,,,,,,,
2001-10-19,6.61,6.09,,,,,,,,,,
2001-10-26,6.64,6.13,,,,,,,,,,
2001-11-01,,,,,924.0,,1602.0,1651.0,,115.857,202.9,195.4
2001-11-02,6.56,6.04,,,,,,,,,,
2001-11-09,6.45,5.94,,,,,,,,,,
2001-11-16,6.51,5.98,,,,,,,,,,
2001-11-23,6.75,6.24,,,,,,,,,,
2001-11-30,7.02,6.53,,,,,,,,,,
2001-12-01,,,,,979.0,,1568.0,1680.0,,116.454,203.2,196.2
2001-12-07,6.84,6.3,,,,,,,,,,
2001-12-14,7.09,6.57,,,,,,,,,,
2001-12-21,7.17,6.65,,,,,,,,,,
2001-12-28,7.16,6.65,,,,,,,,,,
2002-01-01,,,,,880.0,188700.0,1698.0,1665.0,67.8,117.142,204.5,196.8
2002-01-04,7.14,6.62,,,,,,,,,,
2002-01-11,7.06,6.55,,,,,,,,,,
2002-01-18,6.83,6.31,,,,,,,,,,
2002-01-25,6.96,6.44,,,,,,,,,,
2002-02-01,7.02,6.51,,,948.0,,1829.0,1787.0,,117.845,206.1,197.5
2002-02-08,6.88,6.36,,,,,,,,,,
2002-02-15,6.86,6.35,,,,,,,,,,
2002-02-22,6.81,6.28,,,,,,,,,,
2002-03-01,6.8,6.28,,,923.0,,1642.0,1691.0,,118.688,207.0,198.1
2002-03-08,6.87,6.37,,,,,,,,,,
2002-03-15,7.08,6.59,,,,,,,,,,
2002-03-22,7.14,6.65,,,,,,,,,,
2002-03-29,7.18,6.69,,,,,,,,,,
2002-04-01,,,,,936.0,187200.0,1592.0,1669.0,67.6,119.611,207.5,198.5
2002-04-05,7.13,6.64,,,,,,,,,,
2002-04-12,6.99,6.49,,,,,,,,,,
2002-04-19,6.94,6.42,,,,,,,,,,
2002-04-26,6.88,6.35,,,,,,,,,,
2002-05-01,,,,,978.0,,1764.0,1716.0,,120.725,207.5,198.9
2002-05-03,6.78,6.26,,,,,,,,,,
2002-05-10,6.79,6.27,,,,,,,,,,
2002-05-17,6.89,6.37,,,,,,,,,,
2002-05-24,6.81,6.28,,,,,,,,,,
2002-05-31,6.76,6.22,,,,,,,,,,
2002-06-01,,,,,957.0,,1717.0,1758.0,,121.814,208.1,199.5
2002-06-07,6.71,6.18,,,,,,,,,,
2002-06-14,6.71,6.17,,,,,,,,,,
2002-06-21,6.63,6.08,,,,,,,,,,
2002-06-28,6.55,5.99,,,,,,,,,,
2002-07-01,,,,,956.0,178100.0,1655.0,1738.0,68.0,122.888,208.8,200.0
2002-07-05,6.57,6.03,,,,,,,,,,
2002-07-12,6.54,6.0,,,,,,,,,,
2002-07-19,6.49,5.93,,,,,,,,,,
2002-07-26,6.34,5.76,,,,,,,,,,
2002-08-01,,,,,1014.0,,1633.0,1695.0,,123.832,209.6,200.3
2002-08-02,6.43,5.84,,,,,,,,,,
2002-08-09,6.31,5.69,,,,,,,,,,
2002-08-16,6.22,5.63,,,,,,,,,,
2002-08-23,6.27,5.71,,,,,,,,,,
2002-08-30,6.22,5.64,,,,,,,,,,
2002-09-01,,,,,1044.0,,1804.0,1803.0,,124.781,209.2,200.8
2002-09-06,6.15,5.56,,,,,,,,,,
2002-09-13,6.18,5.59,,,,,,,,,,
2002-09-20,6.05,5.47,,,,,,,,,,
2002-09-27,5.99,5.41,,,,,,,,,,
2002-10-01,,,,,1006.0,190100.0,1648.0,1799.0,68.3,125.736,209.7,201.3
2002-10-04,6.01,5.4,,,,,,,,,,
2002-10-11,5.98,5.34,,,,,,,,,,
2002-10-18,6.15,5.56,,,,,,,,,,
2002-10-25,6.31,5.7,,,,,,,,,,
2002-11-01,6.13,5.51,,,1024.0,,1753.0,1771.0,,126.671,209.6,201.9
2002-11-08,6.11,5.48,,,,,,,,,,
2002-11-15,5.94,5.32,,,,,,,,,,
2002-11-22,6.03,5.44,,,,,,,,,,
2002-11-29,6.13,5.57,,,,,,,,,,
2002-12-01,,,,,1048.0,,1788.0,1896.0,,127.625,209.5,202.4
2002-12-06,6.19,5.6,,,,,,,,,,
2002-12-13,6.04,5.46,,,,,,,,,,
2002-12-20,6.03,5.42,,,,,,,,,,
2002-12-27,5.93,5.32,,,,,,,,,,
2003-01-01,,,,,999.0,186000.0,1853.0,1808.0,68.0,128.462,210.9,203.2
2003-01-03,5.85,5.24,,,,,,,,,,
2003-01-10,5.95,5.33,,,,,,,,,,
2003-01-17,5.97,5.36,,,,,,,,,,
2003-01-24,5.91,5.31,,,,,,,,,,
2003-01-31,5.9,5.28,,,,,,,,,,
2003-02-01,,,,,936.0,,1629.0,1854.0,,129.357,211.6,203.5
2003-02-07,5.88,5.27,,,,,,,,,,
2003-02-14,5.86,5.26,,,,,,,,,,
2003-02-21,5.84,5.21,,,,,,,,,,
2003-02-28,5.79,5.14,,,,,,,,,,
2003-03-01,,,,,999.0,,1726.0,1757.0,,130.148,212.1,204.0
2003-03-07,5.67,5.01,,,,,,,,,,
2003-03-14,5.61,4.93,,,,,,,,,,
2003-03-21,5.79,5.11,,,,,,,,,,
2003-03-28,5.91,5.21,,,,,,,,,,
2003-04-01,,,,,1012.0,191800.0,1643.0,1803.0,68.0,130.884,212.1,204.5
2003-04-04,5.79,5.06,,,,,,,,,,
2003-04-11,5.85,5.17,,,,,,,,,,
2003-04-18,5.82,5.12,,,,,,,,,,
2003-04-25,5.79,5.12,,,,,,,,,,
2003-05-01,,,,,1078.0,,1751.0,1835.0,,131.735,212.8,205.0
2003-05-02,5.7,5.03,,,,,,,,,,
2003-05-09,5.62,4.97,,,,,,,,,,
2003-05-16,5.45,4.84,,,,,,,,,,
2003-05-23,5.34,4.73,,,,,,,,,,
2003-05-30,5.31,4.73,,,,,,,,,,
2003-06-01,,,,,1193.0,,1867.0,1875.0,,132.649,213.0,205.3
2003-06-06,5.26,4.66,,,,,,,,,,
2003-06-13,5.21,4.6,,,,,,,,,,
2003-06-20,5.21,4.62,,,,,,,,,,
2003-06-27,5.24,4.63,,,,,,,,,,
2003-07-01,,,,,1168.0,191900.0,1897.0,1885.0,68.4,133.777,213.8,205.8
2003-07-04,5.4,4.75,,,,,,,,,,
2003-07-11,5.52,4.85,,,,,,,,,,
2003-07-18,5.67,5.0,,,,,,,,,,
2003-07-25,5.94,5.27,,,,,,,,,,
2003-08-01,6.14,5.44,,,1206.0,,1833.0,1966.0,,134.968,214.3,206.2
2003-08-08,6.34,5.66,,,,,,,,,,
2003-08-15,6.24,5.58,,,,,,,,,,
2003-08-22,6.28,5.6,,,,,,,,,,
2003-08-29,6.32,5.66,,,,,,,,,,
2003-09-01,,,,,1131.0,,1939.0,1961.0,,136.295,213.8,206.7
2003-09-05,6.44,5.77,,,,,,,,,,
2003-09-12,6.16,5.46,,,,,,,,,,
2003-09-19,6.01,5.3,,,,,,,,,,
2003-09-26,5.98,5.3,,,,,,,,,,
2003-10-01,,,,,1144.0,198800.0,1967.0,2012.0,68.6,137.533,214.7,206.9
2003-10-03,5.77,5.1,,,,,,,,,,
2003-10-10,5.95,5.26,,,,,,,,,,
2003-10-17,6.05,5.36,,,,,,,,,,
2003-10-24,6.05,5.39,,,,,,,,,,
2003-10-31,5.94,5.26,,,,,,,,,,
2003-11-01,,,,,1093.0,,2083.0,1918.0,,138.795,214.2,207.4
2003-11-07,5.98,5.31,,,,,,,,,,
2003-11-14,6.03,5.39,,,,,,,,,,
2003-11-21,5.83,5.17,,,,,,,,,,
2003-11-28,5.89,5.22,,,,,,,,,,
2003-12-01,,,,,1129.0,,2057.0,1987.0,,140.182,214.1,207.7
2003-12-05,6.02,5.36,,,,,,,,,,
2003-12-12,5.88,5.24,,,,,,,,,,
2003-12-19,5.82,5.14,,,,,,,,,,
2003-12-26,5.81,5.13,,,,,,,,,,
2003-12-31,5.85,5.15,,,,,,,,,,
2004-01-01,,,,,1165.0,212700.0,1911.0,1952.0,68.6,141.647,215.2,208.1
2004-01-08,5.87,5.17,,,,,,,,,,
2004-01-15,5.66,4.97,,,,,,,,,,
2004-01-22,5.64,4.95,,,,,,,,,,
2004-01-29,5.68,4.97,,,,,,,,,,
2004-02-01,,,,,1159.0,,1846.0,1966.0,,143.191,216.0,208.6
2004-02-05,5.72,5.03,,,,,,,,,,
2004-02-12,5.66,4.96,,,,,,,,,,
2004-02-19,5.58,4.87,,,,,,,,,,
2004-02-26,5.58,4.89,,,,,,,,,,
2004-03-01,,,,,1276.0,,1998.0,2066.0,,145.059,217.8,209.1
2004-03-04,5.59,4.88,,,,,,,,,,
2004-03-11,5.41,4.69,,,,,,,,,,
2004-03-18,5.38,4.69,,,,,,,,,,
2004-03-25,5.4,4.7,,,,,,,,,,
2004-04-01,5.52,4.84,,,1186.0,217600.0,2003.0,2070.0,69.2,146.593,218.4,209.7
2004-04-08,5.79,5.12,,,,,,,,,,
2004-04-15,5.89,5.23,,,,,,,,,,
2004-04-22,5.94,5.25,,,,,,,,,,
2004-04-29,6.01,5.35,,,,,,,,,,
2004-05-01,,,,,1241.0,,1981.0,2150.0,,148.186,218.7,210.3
2004-05-06,6.12,5.47,,,,,,,,,,
2004-05-13,6.34,5.72,,,,,,,,,,
2004-05-20,6.3,5.67,,,,,,,,,,
2004-05-27,6.32,5.69,,,,,,,,,,
2004-06-01,,,,,1180.0,,1828.0,2020.0,,149.851,219.2,210.9
2004-06-03,6.28,5.63,,,,,,,,,,
2004-06-10,6.3,5.67,,,,,,,,,,
2004-06-17,6.32,5.7,,,,,,,,,,
2004-06-24,6.25,5.64,,,,,,,,,,
2004-07-01,6.21,5.62,,,1088.0,213500.0,2002.0,2112.0,69.0,151.338,220.0,211.4
2004-07-08,6.01,5.42,,,,,,,,,,
2004-07-15,6.0,5.4,,,,,,,,,,
2004-07-22,5.98,5.39,,,,,,,,,,
2004-07-29,6.08,5.49,,,,,,,,,,
2004-08-01,,,,,1175.0,,2024.0,2056.0,,152.633,220.3,212.0
2004-08-05,5.99,5.4,,,,,,,,,,
2004-08-12,5.85,5.24,,,,,,,,,,
2004-08-19,5.81,5.19,,,,,,,,,,
2004-08-26,5.82,5.21,,,,,,,,,,
2004-09-01,,,,,1214.0,,1905.0,2041.0,,154.179,220.2,212.5
2004-09-02,5.77,5.15,,,,,,,,,,
2004-09-09,5.83,5.22,,,,,,,,,,
2004-09-16,5.75,5.13,,,,,,,,,,
2004-09-23,5.7,5.1,,,,,,,,,,
2004-09-30,5.72,5.12,,,,,,,,,,
2004-10-01,,,,,1305.0,228800.0,2072.0,2097.0,69.2,155.75,220.6,212.8
2004-10-07,5.82,5.24,,,,,,,,,,
2004-10-14,5.74,5.14,,,,,,,,,,
2004-10-21,5.69,5.07,,,,,,,,,,
2004-10-28,5.64,5.01,,,,,,,,,,
2004-11-01,,,,,1179.0,,1782.0,2079.0,,157.527,219.9,213.1
2004-11-04,5.7,5.08,,,,,,,,,,
2004-11-11,5.76,5.16,,,,,,,,,,
2004-11-18,5.74,5.15,,,,,,,,,,
2004-11-24,5.72,5.15,,,,,,,,,,
2004-12-01,,,,,1242.0,,2042.0,2082.0,,159.33,219.8,213.7
2004-12-02,5.81,5.23,,,,,,,,,,
2004-12-09,5.71,5.14,,,,,,,,,,
2004-12-16,5.68,5.11,,,,,,,,,,
2004-12-22,5.75,5.18,,,,,,,,,,
2004-12-29,5.81,5.23,,,,,,,,,,
2005-01-01,,,,,1203.0,232500.0,2144.0,2139.0,69.1,161.289,221.0,214.3
2005-01-06,5.77,5.21,,,,,,,,,,
2005-01-13,5.74,5.19,,,,,,,,,,
2005-01-20,5.67,5.15,,,,,,,,,,
2005-01-27,5.66,5.14,,,,,,,,,,
2005-02-01,,,,,1319.0,,2207.0,2114.0,,163.346,222.5,214.9
2005-02-03,5.63,5.14,,,,,,,,,,
2005-02-10,5.57,5.1,,,,,,,,,,
2005-02-17,5.62,5.14,,,,,,,,,,
2005-02-24,5.69,5.22,,,,,,,,,,
2005-03-01,,,,,1328.0,,1864.0,2062.0,,165.815,224.4,215.4
2005-03-03,5.79,5.33,,,,,,,,,,
2005-03-10,5.85,5.38,,,,,,,,,,
2005-03-17,5.95,5.47,,,,,,,,,,
2005-03-24,6.01,5.56,,,,,,,,,,
2005-03-31,6.04,5.58,,,,,,,,,,
2005-04-01,,,,,1260.0,233700.0,2061.0,2150.0,68.6,167.504,224.4,216.0
2005-04-07,5.93,5.48,,,,,,,,,,
2005-04-14,5.91,5.46,,,,,,,,,,
2005-04-21,5.8,5.36,,,,,,,,,,
2005-04-28,5.78,5.33,,,,,,,,,,
2005-05-01,,,,,1286.0,,2025.0,2085.0,,169.353,224.0,216.5
2005-05-05,5.75,5.31,,,,,,,,,,
2005-05-12,5.77,5.33,,,,,,,,,,
2005-05-19,5.71,5.27,,,,,,,,,,
2005-05-26,5.65,5.21,,,,,,,,,,
2005-06-01,,,,,1274.0,,2068.0,2178.0,,171.192,224.5,217.0
2005-06-02,5.62,5.2,,,,,,,,,,
2005-06-09,5.56,5.14,,,,,,,,,,
2005-06-16,5.63,5.22,,,,,,,,,,
2005-06-23,5.57,5.16,,,,,,,,,,
2005-06-30,5.53,5.12,,,,,,,,,,
2005-07-01,,,,,1389.0,236400.0,2054.0,2203.0,68.8,172.861,225.6,217.7
2005-07-07,5.62,5.2,,,,,,,,,,
2005-07-14,5.66,5.25,,,,,,,,,,
2005-07-21,5.73,5.32,,,,,,,,,,
2005-07-28,5.77,5.34,,,,,,,,,,
2005-08-01,,,,,1255.0,,2095.0,2219.0,,174.443,225.6,218.1
2005-08-04,5.82,5.38,,,,,,,,,,
2005-08-11,5.89,5.47,,,,,,,,,,
2005-08-18,5.8,5.4,,,,,,,,,,
2005-08-25,5.77,5.35,,,,,,,,,,
2005-09-01,5.71,5.32,,,1244.0,,2151.0,2263.0,,176.44,224.4,218.7
2005-09-08,5.71,5.3,,,,,,,,,,
2005-09-15,5.74,5.32,,,,,,,,,,
2005-09-22,5.8,5.37,,,,,,,,,,
2005-09-29,5.91,5.48,,,,,,,,,,
2005-10-01,,,,,1336.0,243600.0,2065.0,2170.0,69.0,178.03,225.7,219.3
2005-10-06,5.98,5.54,,,,,,,,,,
2005-10-13,6.03,5.62,,,,,,,,,,
2005-10-20,6.1,5.65,,,,,,,,,,
2005-10-27,6.15,5.69,,,,,,,,,,
2005-11-01,,,,,1214.0,,2147.0,2218.0,,179.684,225.4,219.9
2005-11-03,6.31,5.85,,,,,,,,,,
2005-11-10,6.36,5.89,,,,,,,,,,
2005-11-17,6.37,5.9,,,,,,,,,,
2005-11-23,6.28,5.81,,,,,,,,,,
2005-12-01,6.26,5.81,,,1239.0,,1994.0,2120.0,,180.912,225.6,220.3
2005-12-08,6.32,5.87,,,,,,,,,,
2005-12-15,6.3,5.85,,,,,,,,,,
2005-12-22,6.26,5.79,,,,,,,,,,
2005-12-29,6.22,5.76,,,,,,,,,,
2006-01-01,,,,,1174.0,247700.0,2273.0,2212.0,68.5,182.322,226.8,220.8
2006-01-05,6.21,5.76,,,,,,,,,,
2006-01-12,6.15,5.71,,,,,,,,,,
2006-01-19,6.1,5.67,,,,,,,,,,
2006-01-26,6.12,5.7,,,,,,,,,,
2006-02-01,,,,,1061.0,,2119.0,2141.0,,183.288,228.3,221.5
2006-02-02,6.23,5.81,,,,,,,,,,
2006-02-09,6.24,5.83,,,,,,,,,,
2006-02-16,6.28,5.91,,,,,,,,,,
2006-02-23,6.26,5.89,,,,,,,,,,
2006-03-01,,,,,1116.0,,1969.0,2118.0,,184.365,229.9,222.2
2006-03-02,6.24,5.89,,,,,,,,,,
2006-03-09,6.37,6.0,,,,,,,,,,
2006-03-16,6.34,5.98,,,,,,,,,,
2006-03-23,6.32,5.97,,,,,,,,,,
2006-03-30,6.35,6.0,,,,,,,,,,
2006-04-01,,,,,1123.0,246300.0,1821.0,1998.0,68.7,184.33,230.7,222.9
2006-04-06,6.43,6.1,,,,,,,,,,
2006-04-13,6.49,6.14,,,,,,,,,,
2006-04-20,6.53,6.17,,,,,,,,,,
2006-04-27,6.58,6.21,,,,,,,,,,
2006-05-01,,,,,1086.0,,1942.0,1905.0,,184.157,231.2,223.7
2006-05-04,6.59,6.22,,,,,,,,,,
2006-05-11,6.58,6.17,,,,,,,,,,
2006-05-18,6.6,6.2,,,,,,,,,,
2006-05-25,6.62,6.23,,,,,,,,,,
2006-06-01,6.67,6.26,,,1074.0,,1802.0,1867.0,,183.508,232.2,224.6
2006-06-08,6.62,6.23,,,,,,,,,,
2006-06-15,6.63,6.25,,,,,,,,,,
2006-06-22,6.71,6.36,,,,,,,,,,
2006-06-29,6.78,6.43,,,,,,,,,,
2006-07-01,,,,,965.0,235600.0,1737.0,1763.0,69.0,183.068,233.6,225.4
2006-07-06,6.79,6.44,,,,,,,,,,
2006-07-13,6.74,6.37,,,,,,,,,,
2006-07-20,6.8,6.41,,,,,,,,,,
2006-07-27,6.72,6.34,,,,,,,,,,
2006-08-01,,,,,1035.0,,1650.0,1722.0,,182.593,234.2,226.3
2006-08-03,6.63,6.27,,,,,,,,,,
2006-08-10,6.55,6.2,,,,,,,,,,
2006-08-17,6.52,6.2,,,,,,,,,,
2006-08-24,6.48,6.18,,,,,,,,,,
2006-08-31,6.44,6.14,,,,,,,,,,
2006-09-01,,,,,1016.0,,1720.0,1655.0,,182.798,233.9,227.2
2006-09-07,6.47,6.16,,,,,,,,,,
2006-09-14,6.43,6.11,,,,,,,,,,
2006-09-21,6.4,6.06,,,,,,,,,,
2006-09-28,6.31,5.98,,,,,,,,,,
2006-10-01,,,,,941.0,245400.0,1491.0,1570.0,68.9,183.198,234.8,228.0
2006-10-05,6.3,5.98,,,,,,,,,,
2006-10-12,6.37,6.06,,,,,,,,,,
2006-10-19,6.36,6.06,,,,,,,,,,
2006-10-26,6.4,6.1,,,,,,,,,,
2006-11-01,,,,,1003.0,,1570.0,1535.0,,183.608,234.9,228.8
2006-11-02,6.31,6.02,,,,,,,,,,
2006-11-09,6.33,6.04,,,,,,,,,,
2006-11-16,6.24,5.94,,,,,,,,,,
2006-11-22,6.18,5.91,,,,,,,,,,
2006-11-30,6.14,5.87,,,,,,,,,,
2006-12-01,,,,,998.0,,1649.0,1638.0,,184.137,235.1,229.8
2006-12-07,6.11,5.84,,,,,,,,,,
2006-12-14,6.12,5.86,,,,,,,,,,
2006-12-21,6.13,5.89,,,,,,,,,,
2006-12-28,6.18,5.93,,,,,,,,,,
2007-01-01,,,,,891.0,257400.0,1409.0,1626.0,68.4,184.515,236.504,230.547
2007-01-04,6.18,5.94,,,,,,,,,,
2007-01-11,6.21,5.96,,,,,,,,,,
2007-01-18,6.23,5.98,,,,,,,,,,
2007-01-25,6.25,5.98,,,,,,,,,,
2007-02-01,6.34,6.06,,,828.0,,1480.0,1598.0,,184.596,237.972,231.546
2007-02-08,6.28,6.02,,,,,,,,,,
2007-02-15,6.3,6.03,,,,,,,,,,
2007-02-22,6.22,5.97,,,,,,,,,,
2007-03-01,6.18,5.92,,,833.0,,1495.0,1596.0,,184.148,238.98,232.349
2007-03-08,6.14,5.86,,,,,,,,,,
2007-03-15,6.14,5.88,,,,,,,,,,
2007-03-22,6.16,5.9,,,,,,,,,,
2007-03-29,6.16,5.86,,,,,,,,,,
2007-04-01,,,,,887.0,242200.0,1490.0,1470.0,68.2,183.009,239.735,232.96
2007-04-05,6.17,5.87,,,,,,,,,,
2007-04-12,6.22,5.9,,,,,,,,,,
2007-04-19,6.17,5.89,,,,,,,,,,
2007-04-26,6.16,5.87,,,,,,,,,,
2007-05-01,,,,,842.0,,1415.0,1493.0,,181.6,239.877,233.656
2007-05-03,6.16,5.87,,,,,,,,,,
2007-05-10,6.15,5.87,,,,,,,,,,
2007-05-17,6.21,5.92,,,,,,,,,,
2007-05-24,6.37,6.06,,,,,,,,,,
2007-05-31,6.42,6.12,,,,,,,,,,
2007-06-01,,,,,793.0,,1448.0,1407.0,,180.253,240.98,234.283
2007-06-07,6.53,6.22,,,,,,,,,,
2007-06-14,6.74,6.43,,,,,,,,,,
2007-06-21,6.69,6.37,,,,,,,,,,
2007-06-28,6.67,6.34,,,,,,,,,,
2007-07-01,,,,,778.0,241800.0,1354.0,1361.0,68.2,179.109,242.067,234.996
2007-07-05,6.63,6.3,,,,,,,,,,
2007-07-12,6.73,6.39,,,,,,,,,,
2007-07-19,6.73,6.38,,,,,,,,,,
2007-07-26,6.69,6.37,,,,,,,,,,
2007-08-01,,,,,699.0,,1330.0,1321.0,,178.115,242.238,235.524
2007-08-02,6.68,6.32,,,,,,,,,,
2007-08-09,6.59,6.25,,,,,,,,,,
2007-08-16,6.62,6.3,,,,,,,,,,
2007-08-23,6.52,6.18,,,,,,,,,,
2007-08-30,6.45,6.12,,,,,,,,,,
2007-09-01,,,,,686.0,,1183.0,1261.0,,177.556,241.99,236.239
2007-09-06,6.46,6.15,,,,,,,,,,
2007-09-13,6.31,5.97,,,,,,,,,,
2007-09-20,6.34,5.98,,,,,,,,,,
2007-09-27,6.42,6.09,,,,,,,,,,
2007-10-01,,,,,727.0,238400.0,1264.0,1192.0,67.8,176.623,242.405,237.18
2007-10-04,6.37,6.03,,,,,,,,,,
2007-10-11,6.4,6.06,,,,,,,,,,
2007-10-18,6.4,6.08,,,,,,,,,,
2007-10-25,6.33,5.99,,,,,,,,,,
2007-11-01,6.26,5.91,,,641.0,,1197.0,1224.0,,175.146,242.207,238.063
2007-11-08,6.24,5.9,,,,,,,,,,
2007-11-15,6.24,5.88,,,,,,,,,,
2007-11-21,6.2,5.83,,,,,,,,,,
2007-11-29,6.1,5.73,,,,,,,,,,
2007-12-01,,,,,619.0,,1037.0,1149.0,,174.34,242.372,238.873
2007-12-06,5.96,5.65,,,,,,,,,,
2007-12-13,6.11,5.78,,,,,,,,,,
2007-12-20,6.14,5.79,,,,,,,,,,
2007-12-27,6.17,5.79,,,,,,,,,,
2008-01-01,,,,,627.0,233900.0,1084.0,1094.0,67.8,173.131,243.871,239.517
2008-01-03,6.07,5.68,,,,,,,,,,
2008-01-10,5.87,5.43,,,,,,,,,,
2008-01-17,5.69,5.21,,,,,,,,,,
2008-01-24,5.48,4.95,,,,,,,,,,
2008-01-31,5.68,5.17,,,,,,,,,,
2008-02-01,,,,,593.0,,1103.0,1014.0,,171.539,244.786,240.08
2008-02-07,5.67,5.15,,,,,,,,,,
2008-02-14,5.72,5.25,,,,,,,,,,
2008-02-21,6.04,5.64,,,,,,,,,,
2008-02-28,6.24,5.72,,,,,,,,,,
2008-03-01,,,,,535.0,,1005.0,967.0,,170.05,245.995,240.68
2008-03-06,6.03,5.47,,,,,,,,,,
2008-03-13,6.13,5.6,,,,,,,,,,
2008-03-20,5.87,5.27,,,,,,,,,,
2008-03-27,5.85,5.34,,,,,,,,,,
2008-04-01,,,,,536.0,235300.0,1013.0,1008.0,68.1,168.333,246.004,241.437
2008-04-03,5.88,5.42,,,,,,,,,,
2008-04-10,5.88,5.42,,,,,,,,,,
2008-04-17,5.88,5.4,,,,,,,,,,
2008-04-24,6.03,5.62,,,,,,,,,,
2008-05-01,6.06,5.59,,,504.0,,973.0,995.0,,166.654,246.069,241.927
2008-05-08,6.05,5.6,,,,,,,,,,
2008-05-15,6.01,5.6,,,,,,,,,,
2008-05-22,5.98,5.55,,,,,,,,,,
2008-05-29,6.08,5.66,,,,,,,,,,
2008-06-01,,,,,487.0,,1046.0,1180.0,,165.014,247.083,242.882
2008-06-05,6.09,5.65,,,,,,,,,,
2008-06-12,6.32,5.93,,,,,,,,,,
2008-06-19,6.42,6.02,,,,,,,,,,
2008-06-26,6.45,6.04,,,,,,,,,,
2008-07-01,,,,,477.0,226500.0,923.0,921.0,67.9,163.563,248.075,243.675
2008-07-03,6.35,5.92,,,,,,,,,,
2008-07-10,6.37,5.91,,,,,,,,,,
2008-07-17,6.26,5.78,,,,,,,,,,
2008-07-24,6.63,6.18,,,,,,,,,,
2008-07-31,6.52,6.07,,,,,,,,,,
2008-08-01,,,,,435.0,,844.0,858.0,,161.985,247.985,244.475
2008-08-07,6.52,6.1,,,,,,,,,,
2008-08-14,6.52,6.07,,,,,,,,,,
2008-08-21,6.47,6.0,,,,,,,,,,
2008-08-28,6.4,5.93,,,,,,,,,,
2008-09-01,,,,,433.0,,820.0,797.0,,160.306,247.737,245.175
2008-09-04,6.35,5.9,,,,,,,,,,
2008-09-11,5.93,5.54,,,,,,,,,,
2008-09-18,5.78,5.35,,,,,,,,,,
2008-09-25,6.09,5.77,,,,,,,,,,
2008-10-01,,,,,393.0,222500.0,777.0,736.0,67.5,158.325,247.844,245.914
2008-10-02,6.1,5.78,,,,,,,,,,
2008-10-09,5.94,5.63,,,,,,,,,,
2008-10-16,6.46,6.14,,,,,,,,,,
2008-10-23,6.04,5.72,,,,,,,,,,
2008-10-30,6.46,6.19,,,,,,,,,,
2008-11-01,,,,,389.0,,652.0,626.0,,156.14,247.463,246.556
2008-11-06,6.2,5.88,,,,,,,,,,
2008-11-13,6.14,5.81,,,,,,,,,,
2008-11-20,6.04,5.73,,,,,,,,,,
2008-11-26,5.97,5.74,,,,,,,,,,
2008-12-01,,,,,377.0,,560.0,554.0,,153.617,247.085,246.992
2008-12-04,5.53,5.33,,,,,,,,,,
2008-12-11,5.47,5.2,,,,,,,,,,
2008-12-18,5.19,4.92,,,,,,,,,,
2008-12-24,5.14,4.91,,,,,,,,,,
2008-12-31,5.1,4.83,,,,,,,,,,
2009-01-01,,,,,336.0,208400.0,490.0,545.0,67.3,151.506,248.292,247.563
2009-01-08,5.01,4.62,,,,,,,,,,
2009-01-15,4.96,4.65,,,,,,,,,,
2009-01-22,5.12,4.8,,,,,,,,,,
2009-01-29,5.1,4.8,,,,,,,,,,
2009-02-01,,,,,372.0,,582.0,558.0,,150.013,248.878,247.994
2009-02-05,5.25,4.92,,,,,,,,,,
2009-02-12,5.16,4.81,,,,,,,,,,
2009-02-19,5.04,4.68,,,,,,,,,,
2009-02-26,5.07,4.68,,,,,,,,,,
2009-03-01,,,,,339.0,,505.0,513.0,,148.659,249.597,248.396
2009-03-05,5.15,4.72,,,,,,,,,,
2009-03-12,5.03,4.64,,,,,,,,,,
2009-03-19,4.98,4.61,,,,,,,,,,
2009-03-26,4.85,4.58,,,,,,,,,,
2009-04-01,,,,,337.0,220900.0,478.0,521.0,67.4,147.948,249.855,248.837
2009-04-02,4.78,4.52,,,,,,,,,,
2009-04-09,4.87,4.54,,,,,,,,,,
2009-04-16,4.82,4.48,,,,,,,,,,
2009-04-23,4.8,4.48,,,,,,,,,,
2009-04-30,4.78,4.48,,,,,,,,,,
2009-05-01,,,,,376.0,,540.0,556.0,,147.693,249.779,249.204
2009-05-07,4.84,4.51,,,,,,,,,,
2009-05-14,4.86,4.52,,,,,,,,,,
2009-05-21,4.82,4.5,,,,,,,,,,
2009-05-28,4.91,4.53,,,,,,,,,,
2009-06-01,,,,,393.0,,585.0,601.0,,148.087,250.243,249.381
2009-06-04,5.29,4.79,,,,,,,,,,
2009-06-11,5.59,5.06,,,,,,,,,,
2009-06-18,5.38,4.89,,,,,,,,,,
2009-06-25,5.42,4.87,,,,,,,,,,
2009-07-01,,,,,411.0,214300.0,594.0,595.0,67.6,148.407,250.31,249.343
2009-07-02,5.32,4.77,,,,,,,,,,
2009-07-09,5.2,4.69,,,,,,,,,,
2009-07-16,5.14,4.63,,,,,,,,,,
2009-07-23,5.2,4.68,,,,,,,,,,
2009-07-30,5.25,4.69,,,,,,,,,,
2009-08-01,,,,,418.0,,586.0,616.0,,148.276,250.248,249.359
2009-08-06,5.22,4.63,,,,,,,,,,
2009-08-13,5.29,4.68,,,,,,,,,,
2009-08-20,5.12,4.56,,,,,,,,,,
2009-08-27,5.14,4.58,,,,,,,,,,
2009-09-01,,,,,386.0,,585.0,609.0,,148.024,249.501,249.261
2009-09-03,5.08,4.54,,,,,,,,,,
2009-09-10,5.07,4.5,,,,,,,,,,
2009-09-17,5.04,4.47,,,,,,,,,,
2009-09-24,5.04,4.46,,,,,,,,,,
2009-10-01,4.94,4.36,,,396.0,219000.0,534.0,583.0,67.2,147.85,249.474,248.959
2009-10-08,4.87,4.33,,,,,,,,,,
2009-10-15,4.92,4.37,,,,,,,,,,
2009-10-22,5.0,4.43,,,,,,,,,,
2009-10-29,5.03,4.46,,,,,,,,,,
2009-11-01,,,,,375.0,,588.0,623.0,,148.136,248.211,248.778
2009-11-05,4.98,4.4,,,,,,,,,,
2009-11-12,4.91,4.36,,,,,,,,,,
2009-11-19,4.83,4.32,,,,,,,,,,
2009-11-25,4.78,4.29,,,,,,,,,,
2009-12-01,,,,,352.0,,581.0,664.0,,147.931,247.863,248.667
2009-12-03,4.71,4.27,,,,,,,,,,
2009-12-10,4.81,4.32,,,,,,,,,,
2009-12-17,4.94,4.38,,,,,,,,,,
2009-12-24,5.05,4.45,,,,,,,,,,
2009-12-31,5.14,4.54,,,,,,,,,,
2010-01-01,,,,,345.0,222900.0,614.0,636.0,67.1,147.396,247.95,248.721
2010-01-07,5.09,4.5,,,,,,,,,,
2010-01-14,5.06,4.45,,,,,,,,,,
2010-01-21,4.99,4.4,,,,,,,,,,
2010-01-28,4.98,4.39,,,,,,,,,,
2010-02-01,,,,,336.0,,604.0,650.0,,145.632,248.001,248.717
2010-02-04,5.01,4.4,,,,,,,,,,
2010-02-11,4.97,4.34,,,,,,,,,,
2010-02-18,4.93,4.33,,,,,,,,,,
2010-02-25,5.05,4.4,,,,,,,,,,
2010-03-01,,,,,381.0,,636.0,687.0,,145.857,248.052,248.854
2010-03-04,4.97,4.33,,,,,,,,,,
2010-03-11,4.95,4.32,,,,,,,,,,
2010-03-18,4.96,4.33,,,,,,,,,,
2010-03-25,4.99,4.34,,,,,,,,,,
2010-04-01,5.08,4.39,,,422.0,219500.0,687.0,637.0,66.9,146.398,248.031,248.962
2010-04-08,5.21,4.52,,,,,,,,,,
2010-04-15,5.07,4.4,,,,,,,,,,
2010-04-22,5.07,4.39,,,,,,,,,,
2010-04-29,5.06,4.39,,,,,,,,,,
2010-05-01,,,,,280.0,,583.0,575.0,,146.386,248.1,249.066
2010-05-06,5.0,4.36,,,,,,,,,,
2010-05-13,4.93,4.3,,,,,,,,,,
2010-05-20,4.84,4.24,,,,,,,,,,
2010-05-27,4.78,4.21,,,,,,,,,,
2010-06-01,,,,,305.0,,536.0,587.0,,145.714,248.47,249.327
2010-06-03,4.79,4.2,,,,,,,,,,
2010-06-10,4.72,4.17,,,,,,,,,,
2010-06-17,4.75,4.2,,,,,,,,,,
2010-06-24,4.69,4.13,,,,,,,,,,
2010-07-01,4.58,4.04,,,283.0,224100.0,546.0,579.0,66.9,144.984,248.677,249.458
2010-07-08,4.57,4.07,,,,,,,,,,
2010-07-15,4.57,4.06,,,,,,,,,,
2010-07-22,4.56,4.03,,,,,,,,,,
2010-07-29,4.54,4.0,,,,,,,,,,
2010-08-01,,,,,282.0,,599.0,580.0,,143.91,248.595,249.346
2010-08-05,4.49,3.95,,,,,,,,,,
2010-08-12,4.44,3.92,,,,,,,,,,
2010-08-19,4.42,3.9,,,,,,,,,,
2010-08-26,4.36,3.86,,,,,,,,,,
2010-09-01,,,,,317.0,,594.0,563.0,,143.013,248.522,249.663
2010-09-02,4.32,3.83,,,,,,,,,,
2010-09-09,4.35,3.83,,,,,,,,,,
2010-09-16,4.37,3.82,,,,,,,,,,
2010-09-23,4.37,3.82,,,,,,,,,,
2010-09-30,4.32,3.75,,,,,,,,,,
2010-10-01,,,,,291.0,224300.0,543.0,558.0,66.5,142.523,248.646,249.66
2010-10-07,4.27,3.72,,,,,,,,,,
2010-10-14,4.19,3.62,,,,,,,,,,
2010-10-21,4.21,3.64,,,,,,,,,,
2010-10-28,4.23,3.66,,,,,,,,,,
2010-11-01,,,,,287.0,,545.0,560.0,,142.163,248.738,250.182
2010-11-04,4.24,3.63,,,,,,,,,,
2010-11-11,4.17,3.57,,,,,,,,,,
2010-11-18,4.39,3.76,,,,,,,,,,
2010-11-24,4.4,3.77,,,,,,,,,,
2010-12-01,,,,,326.0,,539.0,632.0,,142.049,248.972,250.641
2010-12-02,4.46,3.81,,,,,,,,,,
2010-12-09,4.61,3.96,,,,,,,,,,
2010-12-16,4.83,4.17,,,,,,,,,,
2010-12-23,4.81,4.15,,,,,,,,,,
2010-12-30,4.86,4.2,,,,,,,,,,
2011-01-01,,,,,307.0,226900.0,630.0,576.0,66.4,141.511,249.462,251.142
2011-01-06,4.77,4.13,,,,,,,,,,
2011-01-13,4.71,4.08,,,,,,,,,,
2011-01-20,4.74,4.05,,,,,,,,,,
2011-01-27,4.8,4.09,,,,,,,,,,
2011-02-01,,,,,270.0,,517.0,542.0,,140.338,249.886,251.516
2011-02-03,4.81,4.08,,,,,,,,,,
2011-02-10,5.05,4.29,,,,,,,,,,
2011-02-17,5.0,4.27,,,,,,,,,,
2011-02-24,4.95,4.22,,,,,,,,,,
2011-03-01,,,,,300.0,,600.0,583.0,,139.971,250.31,251.905
2011-03-03,4.87,4.15,,,,,,,,,,
2011-03-10,4.88,4.15,,,,,,,,,,
2011-03-17,4.76,3.97,,,,,,,,,,
2011-03-24,4.81,4.04,,,,,,,,,,
2011-03-31,4.86,4.09,,,,,,,,,,
2011-04-01,,,,,310.0,228100.0,554.0,581.0,65.9,140.003,250.447,252.203
2011-04-07,4.87,4.1,,,,,,,,,,
2011-04-14,4.91,4.13,,,,,,,,,,
2011-04-21,4.8,4.02,,,,,,,,,,
2011-04-28,4.78,3.97,,,,,,,,,,
2011-05-01,,,,,305.0,,561.0,618.0,,139.901,250.745,252.584
2011-05-05,4.71,3.89,,,,,,,,,,
2011-05-12,4.63,3.82,,,,,,,,,,
2011-05-19,4.61,3.8,,,,,,,,,,
2011-05-26,4.6,3.78,,,,,,,,,,
2011-06-01,,,,,301.0,,608.0,636.0,,139.858,251.422,252.986
2011-06-02,4.55,3.74,,,,,,,,,,
2011-06-09,4.49,3.68,,,,,,,,,,
2011-06-16,4.5,3.67,,,,,,,,,,
2011-06-23,4.5,3.69,,,,,,,,,,
2011-06-30,4.51,3.69,,,,,,,,,,
2011-07-01,,,,,296.0,223500.0,623.0,621.0,66.3,139.727,252.155,253.423
2011-07-07,4.6,3.75,,,,,,,,,,
2011-07-14,4.51,3.65,,,,,,,,,,
2011-07-21,4.52,3.66,,,,,,,,,,
2011-07-28,4.55,3.66,,,,,,,,,,
2011-08-01,,,,,299.0,,585.0,647.0,,139.303,252.546,254.295
2011-08-04,4.39,3.54,,,,,,,,,,
2011-08-11,4.32,3.5,,,,,,,,,,
2011-08-18,4.15,3.36,,,,,,,,,,
2011-08-25,4.22,3.44,,,,,,,,,,
2011-09-01,4.22,3.39,,,304.0,,650.0,610.0,,138.659,252.647,254.895
2011-09-08,4.12,3.33,,,,,,,,,,
2011-09-15,4.09,3.3,,,,,,,,,,
2011-09-22,4.09,3.29,,,,,,,,,,
2011-09-29,4.01,3.28,,,,,,,,,,
2011-10-01,,,,,316.0,221100.0,610.0,671.0,66.0,137.94,253.101,255.651
2011-10-06,3.94,3.26,,,,,,,,,,
2011-10-13,4.12,3.37,,,,,,,,,,
2011-10-20,4.11,3.38,,,,,,,,,,
2011-10-27,4.1,3.38,,,,,,,,,,
2011-11-01,,,,,328.0,,711.0,706.0,,137.137,253.312,256.207
2011-11-03,4.0,3.31,,,,,,,,,,
2011-11-10,3.99,3.3,,,,,,,,,,
2011-11-17,4.0,3.31,,,,,,,,,,
2011-11-23,3.98,3.3,,,,,,,,,,
2011-12-01,4.0,3.3,,,341.0,,694.0,697.0,,136.66,253.716,256.8
2011-12-08,3.99,3.27,,,,,,,,,,
2011-12-15,3.94,3.21,,,,,,,,,,
2011-12-22,3.91,3.21,,,,,,,,,,
2011-12-29,3.95,3.24,,,,,,,,,,
2012-01-01,,,,,335.0,238400.0,723.0,712.0,65.4,136.595,254.409,257.267
2012-01-05,3.91,3.23,,,,,,,,,,
2012-01-12,3.89,3.16,,,,,,,,,,
2012-01-19,3.88,3.17,,,,,,,,,,
2012-01-26,3.98,3.24,,,,,,,,,,
2012-02-01,,,,,366.0,,704.0,738.0,,136.522,254.931,257.842
2012-02-02,3.87,3.14,,,,,,,,,,
2012-02-09,3.87,3.16,,,,,,,,,,
2012-02-16,3.87,3.16,,,,,,,,,,
2012-02-23,3.95,3.19,,,,,,,,,,
2012-03-01,3.9,3.17,,,354.0,,695.0,806.0,,137.893,255.609,258.335
2012-03-08,3.88,3.13,,,,,,,,,,
2012-03-15,3.92,3.16,,,,,,,,,,
2012-03-22,4.08,3.3,,,,,,,,,,
2012-03-29,3.99,3.23,,,,,,,,,,
2012-04-01,,,,,354.0,238700.0,753.0,732.0,65.5,139.144,256.031,258.977
2012-04-05,3.98,3.21,,,,,,,,,,
2012-04-12,3.88,3.11,,,,,,,,,,
2012-04-19,3.9,3.13,,,,,,,,,,
2012-04-26,3.88,3.12,,,,,,,,,,
2012-05-01,,,,,370.0,,708.0,796.0,,140.144,256.442,259.481
2012-05-03,3.84,3.07,,,,,,,,,,
2012-05-10,3.83,3.05,,,,,,,,,,
2012-05-17,3.79,3.04,,,,,,,,,,
2012-05-24,3.78,3.04,,,,,,,,,,
2012-05-31,3.75,2.97,,,,,,,,,,
2012-06-01,,,,,360.0,,757.0,794.0,,141.019,256.95,259.893
2012-06-07,3.67,2.94,,,,,,,,,,
2012-06-14,3.71,2.98,,,,,,,,,,
2012-06-21,3.66,2.95,,,,,,,,,,
2012-06-28,3.66,2.94,,,,,,,,,,
2012-07-01,,,,,369.0,248800.0,740.0,849.0,65.5,141.66,257.409,260.476
2012-07-05,3.62,2.89,,,,,,,,,,
2012-07-12,3.56,2.86,,,,,,,,,,
2012-07-19,3.53,2.83,,,,,,,,,,
2012-07-26,3.49,2.8,,,,,,,,,,
2012-08-01,,,,,375.0,,754.0,840.0,,142.269,257.843,260.999
2012-08-02,3.55,2.83,,,,,,,,,,
2012-08-09,3.59,2.84,,,,,,,,,,
2012-08-16,3.62,2.88,,,,,,,,,,
2012-08-23,3.66,2.89,,,,,,,,,,
2012-08-30,3.59,2.86,,,,,,,,,,
2012-09-01,,,,,385.0,,847.0,930.0,,142.898,258.252,261.62
2012-09-06,3.55,2.86,,,,,,,,,,
2012-09-13,3.55,2.85,,,,,,,,,,
2012-09-20,3.49,2.77,,,,,,,,,,
2012-09-27,3.4,2.73,,,,,,,,,,
2012-10-01,,,,,358.0,251700.0,915.0,887.0,65.4,143.591,258.829,262.631
2012-10-04,3.36,2.69,,,,,,,,,,
2012-10-11,3.39,2.7,,,,,,,,,,
2012-10-18,3.37,2.66,,,,,,,,,,
2012-10-25,3.41,2.72,,,,,,,,,,
2012-11-01,3.39,2.7,,,392.0,,833.0,917.0,,144.575,258.999,263.137
2012-11-08,3.4,2.69,,,,,,,,,,
2012-11-15,3.34,2.65,,,,,,,,,,
2012-11-21,3.31,2.63,,,,,,,,,,
2012-11-29,3.32,2.64,,,,,,,,,,
2012-12-01,,,,,399.0,,976.0,941.0,,145.491,259.298,263.669
2012-12-06,3.34,2.67,,,,,,,,,,
2012-12-13,3.32,2.66,,,,,,,,,,
2012-12-20,3.37,2.65,,,,,,,,,,
2012-12-27,3.35,2.65,,,,,,,,,,
2013-01-01,,,,,446.0,258400.0,888.0,940.0,65.0,146.816,260.039,264.245
2013-01-03,3.34,2.64,,,,,,,,,,
2013-01-10,3.4,2.66,,,,,,,,,,
2013-01-17,3.38,2.66,,,,,,,,,,
2013-01-24,3.42,2.71,,,,,,,,,,
2013-01-31,3.53,2.81,,,,,,,,,,
2013-02-01,,,,,447.0,,962.0,980.0,,147.772,260.72,264.904
2013-02-07,3.53,2.77,,,,,,,,,,
2013-02-14,3.53,2.77,,,,,,,,,,
2013-02-21,3.56,2.77,,,,,,,,,,
2013-02-28,3.51,2.76,,,,,,,,,,
2013-03-01,,,,,444.0,,1010.0,936.0,,149.951,261.33,265.603
2013-03-07,3.52,2.76,,,,,,,,,,
2013-03-14,3.63,2.79,,,,,,,,,,
2013-03-21,3.54,2.72,,,,,,,,,,
2013-03-28,3.57,2.76,,,,,,,,,,
2013-04-01,,,,,441.0,268100.0,835.0,1012.0,65.0,151.508,261.655,266.094
2013-04-04,3.54,2.74,,,,,,,,,,
2013-04-11,3.43,2.65,,,,,,,,,,
2013-04-18,3.41,2.64,,,,,,,,,,
2013-04-25,3.4,2.61,,,,,,,,,,
2013-05-01,,,,,428.0,,930.0,1003.0,,152.84,262.289,266.841
2013-05-02,3.35,2.56,,,,,,,,,,
2013-05-09,3.42,2.61,,,,,,,,,,
2013-05-16,3.51,2.69,,,,,,,,,,
2013-05-23,3.59,2.77,,,,,,,,,,
2013-05-30,3.81,2.98,,,,,,,,,,
2013-06-01,,,,,470.0,,839.0,942.0,,154.19,262.907,267.451
2013-06-06,3.91,3.03,,,,,,,,,,
2013-06-13,3.98,3.1,,,,,,,,,,
2013-06-20,3.93,3.04,,,,,,,,,,
2013-06-27,4.46,3.5,,,,,,,,,,
2013-07-01,,,,,375.0,264800.0,880.0,997.0,65.3,155.596,263.451,267.87
2013-07-03,4.29,3.39,,,,,,,,,,
2013-07-11,4.51,3.53,,,,,,,,,,
2013-07-18,4.37,3.41,,,,,,,,,,
2013-07-25,4.31,3.39,,,,,,,,,,
2013-08-01,4.39,3.43,,,381.0,,917.0,964.0,,156.951,264.024,268.837
2013-08-08,4.4,3.43,,,,,,,,,,
2013-08-15,4.4,3.44,,,,,,,,,,
2013-08-22,4.58,3.6,,,,,,,,,,
2013-08-29,4.51,3.54,,,,,,,,,,
2013-09-01,,,,,403.0,,850.0,1004.0,,158.215,264.344,269.315
2013-09-05,4.57,3.59,,,,,,,,,,
2013-09-12,4.57,3.59,,,,,,,,,,
2013-09-19,4.5,3.54,,,,,,,,,,
2013-09-26,4.32,3.37,,,,,,,,,,
2013-10-01,,,,,444.0,273600.0,925.0,1044.0,65.2,159.234,264.719,269.822
2013-10-03,4.22,3.29,,,,,,,,,,
2013-10-10,4.23,3.31,,,,,,,,,,
2013-10-17,4.28,3.33,,,,,,,,,,
2013-10-24,4.13,3.24,,,,,,,,,,
2013-10-31,4.1,3.2,,,,,,,,,,
2013-11-01,,,,,446.0,,1100.0,1029.0,,160.07,265.31,270.387
2013-11-07,4.16,3.27,,,,,,,,,,
2013-11-14,4.35,3.35,,,,,,,,,,
2013-11-21,4.22,3.27,,,,,,,,,,
2013-11-27,4.29,3.3,,,,,,,,,,
2013-12-01,,,,,433.0,,1002.0,1005.0,,160.99,265.881,271.22
2013-12-05,4.46,3.47,,,,,,,,,,
2013-12-12,4.42,3.43,,,,,,,,,,
2013-12-19,4.47,3.51,,,,,,,,,,
2013-12-26,4.48,3.52,,,,,,,,,,
2014-01-01,,,,,443.0,275200.0,888.0,976.0,64.8,161.92,266.754,271.918
2014-01-02,4.53,3.55,,,,,,,,,,
2014-01-09,4.51,3.56,,,,,,,,,,
2014-01-16,4.41,3.45,,,,,,,,,,
2014-01-23,4.39,3.44,,,,,,,,,,
2014-01-30,4.32,3.4,,,,,,,,,,
2014-02-01,,,,,420.0,,944.0,1039.0,,162.516,267.418,272.461
2014-02-06,4.23,3.33,,,,,,,,,,
2014-02-13,4.28,3.33,,,,,,,,,,
2014-02-20,4.33,3.35,,,,,,,,,,
2014-02-27,4.37,3.39,,,,,,,,,,
2014-03-01,,,,,405.0,,970.0,1067.0,,163.074,268.431,273.341
2014-03-06,4.28,3.32,,,,,,,,,,
2014-03-13,4.37,3.38,,,,,,,,,,
2014-03-20,4.32,3.32,,,,,,,,,,
2014-03-27,4.4,3.42,,,,,,,,,,
2014-04-01,,,,,403.0,288000.0,1043.0,1090.0,64.7,163.376,268.899,274.255
2014-04-03,4.41,3.47,,,,,,,,,,
2014-04-10,4.34,3.38,,,,,,,,,,
2014-04-17,4.27,3.33,,,,,,,,,,
2014-04-24,4.33,3.39,,,,,,,,,,
2014-05-01,4.29,3.38,,,451.0,,1007.0,1018.0,,163.641,269.766,275.013
2014-05-08,4.21,3.32,,,,,,,,,,
2014-05-15,4.2,3.29,,,,,,,,,,
2014-05-22,4.14,3.25,,,,,,,,,,
2014-05-29,4.12,3.21,,,,,,,,,,
2014-06-01,,,,,418.0,,911.0,1010.0,,164.048,270.314,275.819
2014-06-05,4.14,3.23,,,,,,,,,,
2014-06-12,4.2,3.31,,,,,,,,,,
2014-06-19,4.17,3.3,,,,,,,,,,
2014-06-26,4.14,3.22,,,,,,,,,,
2014-07-01,,,,,402.0,281000.0,1085.0,1076.0,64.4,164.572,271.115,276.663
2014-07-03,4.12,3.22,,,,,,,,,,
2014-07-10,4.15,3.24,,,,,,,,,,
2014-07-17,4.13,3.23,,,,,,,,,,
2014-07-24,4.13,3.26,,,,,,,,,,
2014-07-31,4.12,3.23,,,,,,,,,,
2014-08-01,,,,,456.0,,984.0,1047.0,,165.198,271.675,277.319
2014-08-07,4.14,3.27,,,,,,,,,,
2014-08-14,4.12,3.24,,,,,,,,,,
2014-08-21,4.1,3.23,,,,,,,,,,
2014-08-28,4.1,3.25,,,,,,,,,,
2014-09-01,,,,,470.0,,1023.0,1077.0,,165.888,272.165,278.149
2014-09-04,4.1,3.24,,,,,,,,,,
2014-09-11,4.12,3.26,,,,,,,,,,
2014-09-18,4.23,3.37,,,,,,,,,,
2014-09-25,4.2,3.36,,,,,,,,,,
2014-10-01,,,,,476.0,298900.0,1074.0,1094.0,64.0,166.626,272.788,278.797
2014-10-02,4.19,3.36,,,,,,,,,,
2014-10-09,4.12,3.3,,,,,,,,,,
2014-10-16,3.97,3.18,,,,,,,,,,
2014-10-23,3.92,3.08,,,,,,,,,,
2014-10-30,3.98,3.13,,,,,,,,,,
2014-11-01,,,,,442.0,,1001.0,1059.0,,167.321,273.233,279.758
2014-11-06,4.02,3.21,,,,,,,,,,
2014-11-13,4.01,3.2,,,,,,,,,,
2014-11-20,3.99,3.17,,,,,,,,,,
2014-11-26,3.97,3.17,,,,,,,,,,
2014-12-01,,,,,497.0,,1073.0,1072.0,,168.036,273.598,280.383
2014-12-04,3.89,3.1,,,,,,,,,,
2014-12-11,3.93,3.2,,,,,,,,,,
2014-12-18,3.8,3.09,,,,,,,,,,
2014-12-24,3.83,3.1,,,,,,,,,,
2014-12-31,3.87,3.15,,,,,,,,,,
2015-01-01,,,,,515.0,289200.0,1085.0,1049.0,63.7,168.612,274.589,281.223
2015-01-08,3.73,3.05,,,,,,,,,,
2015-01-15,3.66,2.98,,,,,,,,,,
2015-01-22,3.63,2.93,,,,,,,,,,
2015-01-29,3.66,2.98,,,,,,,,,,
2015-02-01,,,,,540.0,,886.0,1127.0,,169.104,275.39,282.171
2015-02-05,3.59,2.92,,,,,,,,,,
2015-02-12,3.69,2.99,,,,,,,,,,
2015-02-19,3.76,3.05,,,,,,,,,,
2015-02-26,3.8,3.07,,,,,,,,,,
2015-03-01,,,,,480.0,,960.0,1072.0,,169.776,276.36,283.056
2015-03-05,3.75,3.03,,,,,,,,,,
2015-03-12,3.86,3.1,,,,,,,,,,
2015-03-19,3.78,3.06,,,,,,,,,,
2015-03-26,3.69,2.97,,,,,,,,,,
2015-04-01,,,,,502.0,289100.0,1190.0,1166.0,63.4,170.278,276.978,283.786
2015-04-02,3.7,2.98,,,,,,,,,,
2015-04-09,3.66,2.93,,,,,,,,,,
2015-04-16,3.67,2.94,,,,,,,,,,
2015-04-23,3.65,2.92,,,,,,,,,,
2015-04-30,3.68,2.94,,,,,,,,,,
2015-05-01,,,,,502.0,,1079.0,1272.0,,170.862,277.563,284.559
2015-05-07,3.8,3.02,,,,,,,,,,
2015-05-14,3.85,3.07,,,,,,,,,,
2015-05-21,3.84,3.05,,,,,,,,,,
2015-05-28,3.87,3.11,,,,,,,,,,
2015-06-01,,,,,480.0,,1205.0,1379.0,,171.455,278.461,285.477
2015-06-04,3.87,3.08,,,,,,,,,,
2015-06-11,4.04,3.25,,,,,,,,,,
2015-06-18,4.0,3.23,,,,,,,,,,
2015-06-25,4.02,3.21,,,,,,,,,,
2015-07-01,,,,,506.0,295800.0,1146.0,1140.0,63.7,172.131,279.559,286.435
2015-07-02,4.08,3.24,,,,,,,,,,
2015-07-09,4.04,3.2,,,,,,,,,,
2015-07-16,4.09,3.25,,,,,,,,,,
2015-07-23,4.04,3.21,,,,,,,,,,
2015-07-30,3.98,3.17,,,,,,,,,,
2015-08-01,,,,,518.0,,1130.0,1165.0,,172.908,280.093,287.32
2015-08-06,3.91,3.13,,,,,,,,,,
2015-08-13,3.94,3.17,,,,,,,,,,
2015-08-20,3.93,3.15,,,,,,,,,,
2015-08-27,3.84,3.06,,,,,,,,,,
2015-09-01,,,,,456.0,,1224.0,1144.0,,173.8,280.814,288.385
2015-09-03,3.89,3.09,,,,,,,,,,
2015-09-10,3.9,3.1,,,,,,,,,,
2015-09-17,3.91,3.11,,,,,,,,,,
2015-09-24,3.86,3.08,,,,,,,,,,
2015-10-01,3.85,3.07,,,482.0,302500.0,1058.0,1160.0,63.8,174.764,281.499,289.236
2015-10-08,3.76,2.99,,,,,,,,,,
2015-10-15,3.82,3.03,,,,,,,,,,
2015-10-22,3.79,2.98,,,,,,,,,,
2015-10-29,3.76,2.98,,,,,,,,,,
2015-11-01,,,,,504.0,,1172.0,1244.0,,175.708,281.932,289.953
2015-11-05,3.87,3.09,,,,,,,,,,
2015-11-12,3.98,3.2,,,,,,,,,,
2015-11-19,3.97,3.18,,,,,,,,,,
2015-11-25,3.95,3.18,,,,,,,,,,
2015-12-01,,,,,546.0,,1146.0,1211.0,,176.515,282.394,290.723
2015-12-03,3.93,3.16,,,,,,,,,,
2015-12-10,3.95,3.19,,,,,,,,,,
2015-12-17,3.97,3.22,,,,,,,,,,
2015-12-24,3.96,3.22,,,,,,,,,,
2015-12-31,4.01,3.24,,,,,,,,,,
2016-01-01,,,,,505.0,299800.0,1092.0,1171.0,63.5,177.244,283.498,291.7
2016-01-07,3.97,3.26,,,,,,,,,,
2016-01-14,3.92,3.19,,,,,,,,,,
2016-01-21,3.81,3.1,,,,,,,,,,
2016-01-28,3.79,3.07,,,,,,,,,,
2016-02-01,,,,,517.0,,1225.0,1172.0,,177.625,284.435,292.617
2016-02-04,3.72,3.01,,,,,,,,,,
2016-02-11,3.65,2.95,,,,,,,,,,
2016-02-18,3.65,2.95,,,,,,,,,,
2016-02-25,3.62,2.93,,,,,,,,,,
2016-03-01,,,,,532.0,,1111.0,1118.0,,178.142,285.196,293.471
2016-03-03,3.64,2.94,,,,,,,,,,
2016-03-10,3.68,2.96,,,,,,,,,,
2016-03-17,3.73,2.99,,,,,,,,,,
2016-03-24,3.71,2.96,,,,,,,,,,
2016-03-31,3.71,2.98,,,,,,,,,,
2016-04-01,,,,,576.0,306000.0,1163.0,1160.0,62.9,178.742,285.836,294.397
2016-04-07,3.59,2.88,,,,,,,,,,
2016-04-14,3.58,2.86,,,,,,,,,,
2016-04-21,3.59,2.85,,,,,,,,,,
2016-04-28,3.66,2.89,,,,,,,,,,
2016-05-01,,,,,571.0,,1148.0,1205.0,,179.402,286.924,295.371
2016-05-05,3.61,2.86,,,,,,,,,,
2016-05-12,3.57,2.81,,,,,,,,,,
2016-05-19,3.58,2.81,,,,,,,,,,
2016-05-26,3.64,2.89,,,,,,,,,,
2016-06-01,,,,,557.0,,1203.0,1208.0,,180.066,288.069,296.306
2016-06-02,3.66,2.92,,,,,,,,,,
2016-06-09,3.6,2.87,,,,,,,,,,
2016-06-16,3.54,2.81,,,,,,,,,,
2016-06-23,3.56,2.83,,,,,,,,,,
2016-06-30,3.48,2.78,,,,,,,,,,
2016-07-01,,,1463025.0,,628.0,303800.0,1239.0,1198.0,63.5,180.838,288.78,297.192
2016-07-07,3.41,2.74,,,,,,,,,,
2016-07-14,3.42,2.72,,,,,,,,,,
2016-07-21,3.45,2.75,,,,,,,,,,
2016-07-28,3.48,2.78,,,,,,,,,,
2016-08-01,,,1460071.0,,575.0,,1171.0,1201.0,,181.824,289.605,298.029
2016-08-04,3.43,2.74,,,,,,,,,,
2016-08-11,3.45,2.76,,,,,,,,,,
2016-08-18,3.43,2.74,,,,,,,,,,
2016-08-25,3.43,2.74,,,,,,,,,,
2016-09-01,3.46,2.77,1443103.0,,558.0,,1068.0,1303.0,,182.796,290.445,299.035
2016-09-08,3.44,2.76,,,,,,,,,,
2016-09-15,3.5,2.77,,,,,,,,,,
2016-09-22,3.48,2.76,,,,,,,,,,
2016-09-29,3.42,2.72,,,,,,,,,,
2016-10-01,,,1407722.0,,575.0,310900.0,1313.0,1254.0,63.7,183.721,291.407,300.215
2016-10-06,3.42,2.72,,,,,,,,,,
2016-10-13,3.47,2.76,,,,,,,,,,
2016-10-20,3.52,2.79,,,,,,,,,,
2016-10-27,3.47,2.78,,,,,,,,,,
2016-11-01,,,1339724.0,,571.0,,1140.0,1230.0,,184.728,291.953,301.223
2016-11-03,3.54,2.84,,,,,,,,,,
2016-11-10,3.57,2.88,,,,,,,,,,
2016-11-17,3.94,3.14,,,,,,,,,,
2016-11-23,4.03,3.25,,,,,,,,,,
2016-12-01,4.08,3.34,1236003.0,,561.0,,1252.0,1248.0,,185.694,292.612,302.271
2016-12-08,4.13,3.36,,,,,,,,,,
2016-12-15,4.16,3.37,,,,,,,,,,
2016-12-22,4.3,3.52,,,,,,,,,,
2016-12-29,4.32,3.55,,,,,,,,,,
2017-01-01,,,1154139.0,,573.0,313100.0,1190.0,1303.0,63.6,186.775,293.56,303.156
2017-01-05,4.2,3.44,,,,,,,,,,
2017-01-12,4.12,3.37,,,,,,,,,,
2017-01-19,4.09,3.34,,,,,,,,,,
2017-01-26,4.19,3.4,,,,,,,,,,
2017-02-01,,,1151139.0,,587.0,,1271.0,1234.0,,187.29,294.444,304.06
2017-02-02,4.19,3.41,,,,,,,,,,
2017-02-09,4.17,3.39,,,,,,,,,,
2017-02-16,4.15,3.35,,,,,,,,,,
2017-02-23,4.16,3.37,,,,,,,,,,
2017-03-01,,,1172731.0,,632.0,,1190.0,1272.0,,187.968,295.044,304.888
2017-03-02,4.1,3.32,,,,,,,,,,
2017-03-09,4.21,3.42,,,,,,,,,,
2017-03-16,4.3,3.5,,,,,,,,,,
2017-03-23,4.23,3.44,,,,,,,,,,
2017-03-30,4.14,3.39,,,,,,,,,,
2017-04-01,,,1198445.0,,598.0,318200.0,1146.0,1251.0,63.7,188.699,295.706,305.692
2017-04-06,4.1,3.36,,,,,,,,,,
2017-04-13,4.08,3.34,,,,,,,,,,
2017-04-20,3.97,3.23,,,,,,,,,,
2017-04-27,4.03,3.27,,,,,,,,,,
2017-05-01,,,1253871.0,,635.0,,1157.0,1208.0,,189.587,296.503,306.72
2017-05-04,4.02,3.27,,,,,,,,,,
2017-05-11,4.05,3.29,,,,,,,,,,
2017-05-18,4.02,3.27,,,,,,,,,,
2017-05-25,3.95,3.19,,,,,,,,,,
2017-06-01,3.94,3.19,1292389.0,,619.0,,1249.0,1353.0,,190.474,297.446,307.681
2017-06-08,3.89,3.16,,,,,,,,,,
2017-06-15,3.91,3.18,,,,,,,,,,
2017-06-22,3.9,3.17,,,,,,,,,,
2017-06-29,3.88,3.17,,,,,,,,,,
2017-07-01,,,1322676.0,,572.0,320500.0,1206.0,1256.0,63.9,191.439,297.919,308.49
2017-07-06,3.96,3.22,,,,,,,,,,
2017-07-13,4.03,3.29,,,,,,,,,,
2017-07-20,3.96,3.23,,,,,,,,,,
2017-07-27,3.92,3.2,,,,,,,,,,
2017-08-01,,,1325376.0,,556.0,,1159.0,1319.0,,192.621,299.157,309.608
2017-08-03,3.93,3.18,,,,,,,,,,
2017-08-10,3.9,3.18,,,,,,,,,,
2017-08-17,3.89,3.16,,,,,,,,,,
2017-08-24,3.86,3.16,,,,,,,,,,
2017-08-31,3.82,3.12,,,,,,,,,,
2017-09-01,,,1308624.0,,637.0,,1181.0,1273.0,,193.715,299.844,310.346
2017-09-07,3.78,3.08,,,,,,,,,,
2017-09-14,3.78,3.08,,,,,,,,,,
2017-09-21,3.83,3.13,,,,,,,,,,
2017-09-28,3.83,3.13,,,,,,,,,,
2017-10-01,,,1287341.0,,626.0,337900.0,1257.0,1356.0,64.2,194.761,300.846,311.33
2017-10-05,3.85,3.15,,,,,,,,,,
2017-10-12,3.91,3.21,,,,,,,,,,
2017-10-19,3.88,3.19,,,,,,,,,,
2017-10-26,3.94,3.25,,,,,,,,,,
2017-11-01,,,1228097.0,,711.0,,1273.0,1299.0,,195.913,301.185,312.295
2017-11-02,3.94,3.27,,,,,,,,,,
2017-11-09,3.9,3.24,,,,,,,,,,
2017-11-16,3.95,3.31,,,,,,,,,,
2017-11-22,3.92,3.32,,,,,,,,,,
2017-11-30,3.9,3.3,,,,,,,,,,
2017-12-01,,,1127819.0,,630.0,,1177.0,1311.0,,197.136,301.985,313.462
2017-12-07,3.94,3.36,,,,,,,,,,
2017-12-14,3.93,3.36,,,,,,,,,,
2017-12-21,3.94,3.38,,,,,,,,,,
2017-12-28,3.99,3.44,,,,,,,,,,
2018-01-01,,,1043968.0,,590.0,331800.0,1299.0,1317.0,64.2,198.279,302.928,314.531
2018-01-04,3.95,3.38,,,,,,,,,,
2018-01-11,3.99,3.44,,,,,,,,,,
2018-01-18,4.04,3.49,,,,,,,,,,
2018-01-25,4.15,3.62,,,,,,,,,,
2018-02-01,4.22,3.68,1045168.0,,618.0,,1277.0,1321.0,,199.205,303.653,315.162
2018-02-08,4.32,3.77,,,,,,,,,,
2018-02-15,4.38,3.84,,,,,,,,,,
2018-02-22,4.4,3.85,,,,,,,,,,
2018-03-01,4.43,3.9,1067293.0,,679.0,,1318.0,1385.0,,199.94,304.847,315.885
2018-03-08,4.46,3.94,,,,,,,,,,
2018-03-15,4.44,3.9,,,,,,,,,,
2018-03-22,4.45,3.91,,,,,,,,,,
2018-03-29,4.44,3.9,,,,,,,,,,
2018-04-01,,,1102074.0,,642.0,315600.0,1276.0,1378.0,64.3,200.629,305.716,316.96
2018-04-05,4.4,3.87,,,,,,,,,,
2018-04-12,4.42,3.87,,,,,,,,,,
2018-04-19,4.47,3.94,,,,,,,,,,
2018-04-26,4.58,4.02,,,,,,,,,,
2018-05-01,,,1156921.0,,662.0,,1357.0,1338.0,,201.39,306.913,317.766
2018-05-03,4.55,4.03,,,,,,,,,,
2018-05-10,4.55,4.01,,,,,,,,,,
2018-05-17,4.61,4.08,,,,,,,,,,
2018-05-24,4.66,4.15,,,,,,,,,,
2018-05-31,4.56,4.06,,,,,,,,,,
2018-06-01,,,1216521.0,,636.0,,1192.0,1345.0,,202.177,307.521,318.607
2018-06-07,4.54,4.01,,,,,,,,,,
2018-06-14,4.62,4.07,,,,,,,,,,
2018-06-21,4.57,4.04,,,,,,,,,,
2018-06-28,4.55,4.04,,,,,,,,,,
2018-07-01,,,1261936.0,,628.0,330900.0,1208.0,1334.0,64.4,202.88,308.393,319.642
2018-07-05,4.52,3.99,,,,,,,,,,
2018-07-12,4.53,4.02,,,,,,,,,,
2018-07-19,4.52,4.0,,,,,,,,,,
2018-07-26,4.54,4.02,,,,,,,,,,
2018-08-01,,,1285682.0,,593.0,,1288.0,1273.0,,203.635,309.296,320.86
2018-08-02,4.6,4.08,,,,,,,,,,
2018-08-09,4.59,4.05,,,,,,,,,,
2018-08-16,4.53,4.01,,,,,,,,,,
2018-08-23,4.51,3.98,,,,,,,,,,
2018-08-30,4.52,3.97,,,,,,,,,,
2018-09-01,,,1301939.0,,595.0,,1250.0,1314.0,,204.294,309.702,321.563
2018-09-06,4.54,3.99,,,,,,,,,,
2018-09-13,4.6,4.06,,,,,,,,,,
2018-09-20,4.65,4.11,,,,,,,,,,
2018-09-27,4.72,4.16,,,,,,,,,,
2018-10-01,,,1304695.0,,554.0,322800.0,1221.0,1272.0,64.8,205.062,310.382,322.447
2018-10-04,4.71,4.15,,,,,,,,,,
2018-10-11,4.9,4.29,,,,,,,,,,
2018-10-18,4.85,4.26,,,,,,,,,,
2018-10-25,4.86,4.29,,,,,,,,,,
2018-11-01,4.83,4.23,1273060.0,,625.0,,1181.0,1340.0,,205.637,310.95,323.633
2018-11-08,4.94,4.33,,,,,,,,,,
2018-11-15,4.94,4.36,,,,,,,,,,
2018-11-21,4.81,4.24,,,,,,,,,,
2018-11-29,4.81,4.25,,,,,,,,,,
2018-12-01,,,1185880.0,,546.0,,1095.0,1317.0,,206.128,311.652,324.408
2018-12-06,4.75,4.21,,,,,,,,,,
2018-12-13,4.63,4.07,,,,,,,,,,
2018-12-20,4.62,4.07,,,,,,,,,,
2018-12-27,4.55,4.01,,,,,,,,,,
2019-01-01,,,1110654.0,,595.0,313000.0,1226.0,1254.0,64.2,206.515,312.696,325.314
2019-01-03,4.51,3.99,,,,,,,,,,
2019-01-10,4.45,3.89,,,,,,,,,,
2019-01-17,4.45,3.88,,,,,,,,,,
2019-01-24,4.45,3.88,,,,,,,,,,
2019-01-31,4.46,3.89,,,,,,,,,,
2019-02-01,,,1102678.0,,648.0,,1121.0,1286.0,,206.831,313.88,326.22
2019-02-07,4.41,3.84,,,,,,,,,,
2019-02-14,4.37,3.81,,,,,,,,,,
2019-02-21,4.35,3.78,,,,,,,,,,
2019-02-28,4.35,3.77,,,,,,,,,,
2019-03-01,,,1115955.0,,718.0,,1191.0,1295.0,,207.047,315.135,327.539
2019-03-07,4.41,3.83,,,,,,,,,,
2019-03-14,4.31,3.76,,,,,,,,,,
2019-03-21,4.28,3.71,,,,,,,,,,
2019-03-28,4.06,3.57,,,,,,,,,,
2019-04-01,,,1137210.0,,702.0,322500.0,1272.0,1322.0,64.1,207.498,316.263,328.816
2019-04-04,4.08,3.56,,,,,,,,,,
2019-04-11,4.12,3.6,,,,,,,,,,
2019-04-18,4.17,3.62,,,,,,,,,,
2019-04-25,4.2,3.64,,,,,,,,,,
2019-05-01,,,1180934.0,,618.0,,1293.0,1347.0,,208.105,317.188,329.617
2019-05-02,4.14,3.6,,,,,,,,,,
2019-05-09,4.1,3.57,,,,,,,,,,
2019-05-16,4.07,3.53,,,,,,,,,,
2019-05-23,4.06,3.51,,,,,,,,,,
2019-05-30,3.99,3.46,,,,,,,,,,
2019-06-01,,,1219821.0,,729.0,,1243.0,1299.0,,208.563,318.3,330.919
2019-06-06,3.82,3.28,,,,,,,,,,
2019-06-13,3.82,3.26,,,,,,,,,,
2019-06-20,3.84,3.25,,,,,,,,,,
2019-06-27,3.73,3.16,,,,,,,,,,
2019-07-01,,,1239557.0,,648.0,318400.0,1240.0,1379.0,64.8,209.214,319.136,331.935
2019-07-03,3.75,3.18,,,,,,,,,,
2019-07-11,3.75,3.22,,,,,,,,,,
2019-07-18,3.81,3.23,,,,,,,,,,
2019-07-25,3.75,3.18,,,,,,,,,,
2019-08-01,3.75,3.2,1235278.0,,712.0,,1375.0,1482.0,,210.01,319.679,332.781
2019-08-08,3.6,3.05,,,,,,,,,,
2019-08-15,3.6,3.07,,,,,,,,,,
2019-08-22,3.55,3.03,,,,,,,,,,
2019-08-29,3.58,3.06,,,,,,,,,,
2019-09-01,,,1224891.0,,712.0,,1311.0,1469.0,,210.817,320.569,333.92
2019-09-05,3.49,3.0,,,,,,,,,,
2019-09-12,3.56,3.09,,,,,,,,,,
2019-09-19,3.73,3.21,,,,,,,,,,
2019-09-26,3.64,3.16,,,,,,,,,,
2019-10-01,,,1208337.0,,722.0,327100.0,1325.0,1523.0,65.1,211.716,320.762,334.558
2019-10-03,3.65,3.14,,,,,,,,,,
2019-10-10,3.57,3.05,,,,,,,,,,
2019-10-17,3.69,3.15,,,,,,,,,,
2019-10-24,3.75,3.18,,,,,,,,,,
2019-10-31,3.78,3.19,,,,,,,,,,
2019-11-01,,,1143358.0,,713.0,,1353.0,1535.0,,212.755,321.267,335.484
2019-11-07,3.69,3.13,,,,,,,,,,
2019-11-14,3.75,3.2,,,,,,,,,,
2019-11-21,3.66,3.15,,,,,,,,,,
2019-11-27,3.68,3.15,,,,,,,,,,
2019-12-01,,,1033913.0,,700.0,,1548.0,1443.0,,213.916,321.766,336.418
2019-12-05,3.68,3.14,,,,,,,,,,
2019-12-12,3.73,3.19,,,,,,,,,,
2019-12-19,3.73,3.19,,,,,,,,,,
2019-12-26,3.74,3.19,,,,,,,,,,
2020-01-01,,,951699.0,,689.0,329000.0,1581.0,1495.0,65.3,214.997,323.053,337.591
2020-01-02,3.72,3.16,,,,,,,,,,
2020-01-09,3.64,3.07,,,,,,,,,,
2020-01-16,3.65,3.09,,,,,,,,,,
2020-01-23,3.6,3.04,,,,,,,,,,
2020-01-30,3.51,3.0,,,,,,,,,,
2020-02-01,,,928363.0,,707.0,,1549.0,1455.0,,215.842,324.254,338.489
2020-02-06,3.45,2.97,,,,,,,,,,
2020-02-13,3.47,2.97,,,,,,,,,,
2020-02-20,3.49,2.99,,,,,,,,,,
2020-02-27,3.45,2.95,,,,,,,,,,
2020-03-01,,,937341.0,,626.0,,1266.0,1346.0,,216.392,324.615,339.502
2020-03-05,3.29,2.79,,,,,,,,,,
2020-03-12,3.36,2.77,,,,,,,,,,
2020-03-19,3.65,3.06,,,,,,,,,,
2020-03-26,3.5,2.92,,,,,,,,,,
2020-04-01,,,941752.0,,576.0,317100.0,936.0,1076.0,67.9,216.797,324.522,340.225
2020-04-02,3.33,2.82,,,,,,,,,,
2020-04-09,3.33,2.77,,,,,,,,,,
2020-04-16,3.31,2.8,,,,,,,,,,
2020-04-23,3.33,2.86,,,,,,,,,,
2020-04-30,3.23,2.77,,,,,,,,,,
2020-05-01,,,928387.0,,707.0,,1039.0,1250.0,,216.927,325.265,341.007
2020-05-07,3.26,2.73,,,,,,,,,,
2020-05-14,3.28,2.72,,,,,,,,,,
2020-05-21,3.24,2.7,,,,,,,,,,
2020-05-28,3.15,2.62,,,,,,,,,,
2020-06-01,,,871577.0,,901.0,,1266.0,1334.0,,217.486,325.814,341.524
2020-06-04,3.18,2.62,,,,,,,,,,
2020-06-11,3.21,2.62,,,,,,,,,,
2020-06-18,3.13,2.58,,,,,,,,,,
2020-06-25,3.13,2.59,,,,,,,,,,
2020-07-01,,,822849.0,,981.0,327900.0,1526.0,1546.0,67.4,219.253,326.58,342.312
2020-07-02,3.07,2.56,,,,,,,,,,
2020-07-09,3.03,2.51,,,,,,,,,,
2020-07-16,2.98,2.48,,,,,,,,,,
2020-07-23,3.01,2.54,,,,,,,,,,
2020-07-30,2.99,2.51,,,,,,,,,,
2020-08-01,,,779567.0,,1016.0,,1396.0,1533.0,,222.266,326.997,342.65
2020-08-06,2.88,2.44,,,,,,,,,,
2020-08-13,2.96,2.46,,,,,,,,,,
2020-08-20,2.99,2.54,,,,,,,,,,
2020-08-27,2.91,2.46,,,,,,,,,,
2020-09-01,,,749403.0,,979.0,,1473.0,1636.0,,225.714,327.116,342.986
2020-09-03,2.93,2.42,,,,,,,,,,
2020-09-10,2.86,2.37,,,,,,,,,,
2020-09-17,2.87,2.35,,,,,,,,,,
2020-09-24,2.9,2.4,,,,,,,,,,
2020-10-01,2.88,2.36,734048.0,,1031.0,338600.0,1543.0,1613.0,65.8,229.649,327.273,343.502
2020-10-08,2.87,2.37,,,,,,,,,,
2020-10-15,2.81,2.35,,,,,,,,,,
2020-10-22,2.8,2.33,,,,,,,,,,
2020-10-29,2.81,2.32,,,,,,,,,,
2020-11-01,,,683830.0,,877.0,,1543.0,1703.0,,233.207,327.435,343.731
2020-11-05,2.78,2.32,,,,,,,,,,
2020-11-12,2.84,2.34,,,,,,,,,,
2020-11-19,2.72,2.28,,,,,,,,,,
2020-11-25,2.72,2.28,,,,,,,,,,
2020-12-01,,,612307.0,,874.0,,1614.0,1752.0,,236.528,327.702,344.125
2020-12-03,2.71,2.26,,,,,,,,,,
2020-12-10,2.71,2.26,,,,,,,,,,
2020-12-17,2.67,2.21,,,,,,,,,,
2020-12-24,2.66,2.19,,,,,,,,,,
2020-12-31,2.67,2.17,,,,,,,,,,
2021-01-01,,,531780.0,,898.0,355000.0,1630.0,1855.0,65.6,239.63,328.282,344.489
2021-01-07,2.65,2.16,,,,,,,,,,
2021-01-14,2.79,2.23,,,,,,,,,,
2021-01-21,2.77,2.21,,,,,,,,,,
2021-01-28,2.73,2.2,,,,,,,,,,
2021-02-01,,,464924.0,,778.0,,1404.0,1711.0,,242.34,329.005,345.099
2021-02-04,2.73,2.21,,,,,,,,,,
2021-02-11,2.73,2.19,,,,,,,,,,
2021-02-18,2.81,2.21,,,,,,,,,,
2021-02-25,2.97,2.34,,,,,,,,,,
2021-03-01,,,440592.0,,871.0,,1696.0,1756.0,,245.43,330.122,345.658
2021-03-04,3.02,2.34,,,,,,,,,,
2021-03-11,3.05,2.38,,,,,,,,,,
2021-03-18,3.09,2.4,,,,,,,,,,
2021-03-25,3.17,2.45,,,,,,,,,,
2021-04-01,3.18,2.45,435667.0,,828.0,367800.0,1495.0,1721.0,65.4,249.011,331.354,346.357
2021-04-08,3.13,2.42,,,,,,,,,,
2021-04-15,3.04,2.35,,,,,,,,,,
2021-04-22,2.97,2.29,,,,,,,,,,
2021-04-29,2.98,2.31,,,,,,,,,,
2021-05-01,,,447670.0,,725.0,,1589.0,1703.0,,253.261,332.454,347.242
2021-05-06,2.96,2.3,,,,,,,,,,
2021-05-13,2.94,2.26,,,,,,,,,,
2021-05-20,3.0,2.29,,,,,,,,,,
2021-05-27,2.95,2.27,,,,,,,,,,
2021-06-01,,,492432.0,,695.0,,1650.0,1654.0,,258.1,334.222,348.07
2021-06-03,2.99,2.27,,,,,,,,,,
2021-06-10,2.96,2.23,,,,,,,,,,
2021-06-17,2.93,2.24,,,,,,,,,,
2021-06-24,3.02,2.34,,,,,,,,,,
2021-07-01,2.98,2.26,546697.0,,726.0,395200.0,1597.0,1658.0,65.4,262.558,335.812,348.853
2021-07-08,2.9,2.2,,,,,,,,,,
2021-07-15,2.88,2.22,,,,,,,,,,
2021-07-22,2.78,2.12,,,,,,,,,,
2021-07-29,2.8,2.1,,,,,,,,,,
2021-08-01,,,574649.0,,686.0,,1594.0,1736.0,,266.609,336.284,349.983
2021-08-05,2.77,2.1,,,,,,,,,,
2021-08-12,2.87,2.15,,,,,,,,,,
2021-08-19,2.86,2.16,,,,,,,,,,
2021-08-26,2.87,2.17,,,,,,,,,,
2021-09-01,,,578079.0,,728.0,,1577.0,1640.0,,270.172,337.451,351.306
2021-09-02,2.87,2.18,,,,,,,,,,
2021-09-09,2.88,2.19,,,,,,,,,,
2021-09-16,2.86,2.12,,,,,,,,,,
2021-09-23,2.88,2.15,,,,,,,,,,
2021-09-30,3.01,2.28,,,,,,,,,,
2021-10-01,,,565716.0,,684.0,414000.0,1579.0,1707.0,65.5,273.601,338.671,352.771
2021-10-07,2.99,2.23,,,,,,,,,,
2021-10-14,3.05,2.3,,,,,,,,,,
2021-10-21,3.09,2.33,,,,,,,,,,
2021-10-28,3.14,2.37,,,,,,,,,,
2021-11-01,,,512250.0,,789.0,,1705.0,1765.0,,277.31,339.997,354.215
2021-11-04,3.09,2.35,,,,,,,,,,
2021-11-10,2.98,2.27,,,,,,,,,,
2021-11-18,3.1,2.39,,,,,,,,,,
2021-11-24,3.1,2.42,,,,,,,,,,
2021-12-01,,,445310.0,,825.0,,1722.0,1919.0,,281.529,341.241,355.588
2021-12-02,3.11,2.39,,,,,,,,,,
2021-12-09,3.1,2.38,,,,,,,,,,
2021-12-16,3.12,2.34,,,,,,,,,,
2021-12-23,3.05,2.3,,,,,,,,,,
2021-12-30,3.11,2.33,,,,,,,,,,
2022-01-01,,,376973.0,,807.0,413500.0,1702.0,1920.0,65.4,286.101,342.604,357.411
2022-01-06,3.22,2.43,,,,,,,,,,
2022-01-13,3.45,2.62,,,,,,,,,,
2022-01-20,3.56,2.79,,,,,,,,,,
2022-01-27,3.55,2.8,,,,,,,,,,
2022-02-01,,,346514.0,,788.0,,1735.0,1857.0,,291.096,344.607,359.438
2022-02-03,3.55,2.77,,,,,,,,,,
2022-02-10,3.69,2.93,,,,,,,,,,
2022-02-17,3.92,3.15,,,,,,,,,,
2022-02-24,3.89,3.14,,,,,,,,,,
2022-03-01,,,354019.0,,720.0,,1712.0,1868.0,,296.27,346.618,360.989
2022-03-03,3.76,3.01,,,,,,,,,,
2022-03-10,3.85,3.09,,,,,,,,,,
2022-03-17,4.16,3.39,,,,,,,,,,
2022-03-24,4.42,3.63,,,,,,,,,,
2022-03-31,4.67,3.83,,,,,,,,,,
2022-04-01,,,379980.0,,624.0,437700.0,1820.0,1859.0,65.8,300.294,348.389,363.062
2022-04-07,4.72,3.91,,,,,,,,,,
2022-04-14,5.0,4.17,,,,,,,,,,
2022-04-21,5.11,4.38,,,,,,,,,,
2022-04-28,5.1,4.4,,,,,,,,,,
2022-05-01,,,479469.0,,644.0,,1531.0,1704.0,,303.299,350.58,365.376
2022-05-05,5.27,4.52,,,,,,,,,,
2022-05-12,5.3,4.48,,,,,,,,,,
2022-05-19,5.25,4.43,,,,,,,,,,
2022-05-26,5.1,4.31,,,,,,,,,,
2022-06-01,,,573660.0,,549.0,,1551.0,1737.0,,304.177,352.967,368.216
2022-06-02,5.09,4.32,,,,,,,,,,
2022-06-09,5.23,4.38,,,,,,,,,,
2022-06-16,5.78,4.81,,,,,,,,,,
2022-06-23,5.81,4.92,,,,,,,,,,
2022-06-30,5.7,4.83,,,,,,,,,,
2022-07-01,,,691663.0,,519.0,438000.0,1381.0,1703.0,66.0,303.367,354.935,370.916
2022-07-07,5.3,4.45,,,,,,,,,,
2022-07-14,5.51,4.67,,,,,,,,,,
2022-07-21,5.54,4.75,,,,,,,,,,
2022-07-28,5.3,4.58,,,,,,,,,,
2022-08-01,,,726793.0,,638.0,,1531.0,1557.0,,301.058,357.264,373.597
2022-08-04,4.99,4.26,,,,,,,,,,
2022-08-11,5.22,4.59,,,,,,,,,,
2022-08-18,5.13,4.55,,,,,,,,,,
2022-08-25,5.55,4.85,,,,,,,,,,
2022-09-01,5.66,4.98,731511.0,,552.0,,1488.0,1600.0,,299.053,359.704,376.628
2022-09-08,5.89,5.16,,,,,,,,,,
2022-09-15,6.02,5.21,,,,,,,,,,
2022-09-22,6.29,5.44,,,,,,,,,,
2022-09-29,6.7,5.96,,,,,,,,,,
2022-10-01,,,752749.0,,579.0,442600.0,1435.0,1594.0,65.9,298.737,362.093,379.291
2022-10-06,6.66,5.9,,,,,,,,,,
2022-10-13,6.92,6.09,,,,,,,,,,
2022-10-20,6.94,6.23,,,,,,,,,,
2022-10-27,7.08,6.36,,,,,,,,,,
2022-11-01,,,750209.0,,597.0,,1424.0,1401.0,,298.443,364.195,382.228
2022-11-03,6.95,6.29,,,,,,,,,,
2022-11-10,7.08,6.38,,,,,,,,,,
2022-11-17,6.61,5.98,,,,,,,,,,
2022-11-23,6.58,5.9,,,,,,,,,,
2022-12-01,6.49,5.76,680931.0,,621.0,,1308.0,1410.0,,297.726,366.868,385.247
2022-12-08,6.33,5.67,,,,,,,,,,
2022-12-15,6.31,5.54,,,,,,,,,,
2022-12-22,6.27,5.69,,,,,,,,,,
2022-12-29,6.42,5.68,,,,,,,,,,
2023-01-01,,,616869.0,,650.0,429000.0,1361.0,1410.0,66.0,297.356,369.585,387.984
2023-01-05,6.48,5.73,,,,,,,,,,
2023-01-12,6.33,5.52,,,,,,,,,,
2023-01-19,6.15,5.28,,,,,,,,,,
2023-01-26,6.13,5.17,,,,,,,,,,
2023-02-01,,,579268.0,,636.0,,1399.0,1618.0,,297.711,372.51,390.904
2023-02-02,6.09,5.14,,,,,,,,,,
2023-02-09,6.12,5.25,,,,,,,,,,
2023-02-16,6.32,5.51,,,,,,,,,,
2023-02-23,6.5,5.76,,,,,,,,,,
2023-03-01,,,562453.0,,651.0,,1377.0,1480.0,,298.654,374.971,392.787
2023-03-02,6.65,5.89,,,,,,,,,,
2023-03-09,6.73,5.95,,,,,,,,,,
2023-03-16,6.6,5.9,,,,,,,,,,
2023-03-23,6.42,5.68,,,,,,,,,,
2023-03-30,6.32,5.56,,,,,,,,,,
2023-04-01,,,562979.0,,665.0,418500.0,1354.0,1474.0,65.9,300.065,376.636,395.024
2023-04-06,6.28,5.64,,,,,,,,,,
2023-04-13,6.27,5.54,,,,,,,,,,
2023-04-20,6.39,5.76,,,,,,,,,,
2023-04-27,6.43,5.71,,,,,,,,,,
2023-05-01,,,582451.0,,739.0,,1584.0,1575.0,,302.088,378.776,397.025
2023-05-04,6.39,5.76,,,,,,,,,,
2023-05-11,6.35,5.75,,,,,,,,,,
2023-05-18,6.39,5.75,,,,,,,,,,
2023-05-25,6.57,5.97,,,,,,,,,,
2023-06-01,6.79,6.18,614336.0,,674.0,,1421.0,1464.0,,304.207,380.594,398.949
2023-06-08,6.71,6.07,,,,,,,,,,
2023-06-15,6.69,6.1,,,,,,,,,,
2023-06-22,6.67,6.03,,,,,,,,,,
2023-06-29,6.71,6.06,,,,,,,,,,
2023-07-01,,,647145.0,,702.0,435400.0,1460.0,1522.0,66.0,306.546,382.226,400.741
2023-07-06,6.81,6.24,,,,,,,,,,
2023-07-13,6.96,6.3,,,,,,,,,,
2023-07-20,6.78,6.06,,,,,,,,,,
2023-07-27,6.81,6.11,,,,,,,,,,
2023-08-01,,,669765.0,,645.0,,1317.0,1561.0,,309.13,383.221,402.58
2023-08-03,6.9,6.25,,,,,,,,,,
2023-08-10,6.96,6.34,,,,,,,,,,
2023-08-17,7.09,6.46,,,,,,,,,,
2023-08-24,7.23,6.55,,,,,,,,,,
2023-08-31,7.18,6.55,,,,,,,,,,
2023-09-01,,,702470.0,,681.0,,1371.0,1537.0,,311.236,385.433,404.538
2023-09-07,7.12,6.52,,,,,,,,,,
2023-09-14,7.18,6.51,,,,,,,,,,
2023-09-21,7.19,6.54,,,,,,,,,,
2023-09-28,7.31,6.72,,,,,,,,,,
2023-10-01,,,738119.0,,681.0,423200.0,1368.0,1528.0,65.7,313.207,386.435,406.532
2023-10-05,7.49,6.78,,,,,,,,,,
2023-10-12,7.57,6.89,,,,,,,,,,
2023-10-19,7.63,6.92,,,,,,,,,,
2023-10-26,7.79,7.03,,,,,,,,,,
2023-11-01,,,755529.0,,610.0,,1514.0,1503.0,,314.073,387.892,408.511
2023-11-02,7.76,7.03,,,,,,,,,,
2023-11-09,7.5,6.81,,,,,,,,,,
2023-11-16,7.44,6.76,,,,,,,,,,
2023-11-22,7.29,6.67,,,,,,,,,,
2023-11-30,7.22,6.56,,,,,,,,,,
2023-12-01,,,714214.0,,643.0,,1521.0,1519.0,,314.832,389.433,410.156
2023-12-07,7.03,6.29,,,,,,,,,,
2023-12-14,6.95,6.38,,,,,,,,,,
2023-12-21,6.67,5.95,,,,,,,,,,
2023-12-28,6.61,5.93,,,,,,,,,,
2024-01-01,,,665603.0,,681.0,426800.0,1381.0,1545.0,65.6,315.867,391.896,411.6
2024-01-04,6.62,5.89,,,,,,,,,,
2024-01-11,6.66,5.87,,,,,,,,,,
2024-01-18,6.6,5.76,,,,,,,,,,
2024-01-25,6.69,5.96,,,,,,,,,,
2024-02-01,6.63,5.94,664745.0,,658.0,,1552.0,1577.0,,317.247,393.906,413.427
2024-02-08,6.64,5.9,,,,,,,,,,
2024-02-15,6.77,6.12,,,,,,,,,,
2024-02-22,6.9,6.29,,,,,,,,,,
2024-02-29,6.94,6.26,,,,,,,,,,
2024-03-01,,,694844.0,,692.0,,1312.0,1476.0,,318.081,396.174,415.08
2024-03-07,6.88,6.22,,,,,,,,,,
2024-03-14,6.74,6.16,,,,,,,,,,
2024-03-21,6.87,6.21,,,,,,,,,,
2024-03-28,6.79,6.11,,,,,,,,,,
2024-04-01,,,734324.0,,719.0,414500.0,1385.0,1459.0,65.6,319.104,397.539,416.49
2024-04-04,6.82,6.06,,,,,,,,,,
2024-04-11,6.88,6.16,,,,,,,,,,
2024-04-18,7.1,6.39,,,,,,,,,,
2024-04-25,7.17,6.44,,,,,,,,,,
2024-05-01,,,787726.0,,665.0,,1316.0,1407.0,,320.016,399.274,418.1
2024-05-02,7.22,6.47,,,,,,,,,,
2024-05-09,7.09,6.38,,,,,,,,,,
2024-05-16,7.02,6.28,,,,,,,,,,
2024-05-23,6.94,6.24,,,,,,,,,,
2024-05-30,7.03,6.36,,,,,,,,,,
2024-06-01,,,839960.0,,671.0,,1327.0,1461.0,,320.796,400.234,419.223
2024-06-06,6.99,6.29,,,,,,,,,,
2024-06-13,6.95,6.17,,,,,,,,,,
2024-06-20,6.87,6.13,,,,,,,,,,
2024-06-27,6.86,6.16,,,,,,,,,,
2024-07-01,,,883905.0,,710.0,415300.0,1265.0,1436.0,65.6,321.628,401.545,421.138
2024-07-03,6.95,6.25,,,,,,,,,,
2024-07-11,6.89,6.17,,,,,,,,,,
2024-07-18,6.77,6.05,,,,,,,,,,
2024-07-25,6.78,6.07,,,,,,,,,,
2024-08-01,6.73,5.99,908944.0,,693.0,,1391.0,1476.0,,322.425,403.257,422.556
2024-08-08,6.47,5.63,,,,,,,,,,
2024-08-15,6.49,5.66,,,,,,,,,,
2024-08-22,6.46,5.62,,,,,,,,,,
2024-08-29,6.35,5.51,,,,,,,,,,
2024-09-01,,,937267.0,,717.0,,1357.0,1434.0,,323.421,404.133,423.858
2024-09-05,6.35,5.47,,,,,,,,,,
2024-09-12,6.2,5.27,,,,,,,,,,
2024-09-19,6.09,5.15,,,,,,,,,,
2024-09-26,6.08,5.16,,,,,,,,,,
2024-10-01,,,954201.0,,621.0,419300.0,1352.0,1428.0,65.7,324.462,405.287,425.235
2024-10-03,6.12,5.25,,,,,,,,,,
2024-10-10,6.32,5.41,,,,,,,,,,
2024-10-17,6.44,5.63,,,,,,,,,,
2024-10-24,6.54,5.71,,,,,,,,,,
2024-10-31,6.72,5.99,,,,,,,,,,
2024-11-01,,,952414.0,,675.0,,1295.0,1508.0,,325.897,406.25,426.342
2024-11-07,6.79,6.0,,,,,,,,,,
2024-11-14,6.78,5.99,,,,,,,,,,
2024-11-21,6.84,6.02,,,,,,,,,,
2024-11-27,6.81,6.1,,,,,,,,,,
2024-12-01,,,871518.0,,718.0,,1514.0,1480.0,,327.532,407.242,427.68
2024-12-05,6.69,5.96,,,,,,,,,,
2024-12-12,6.6,5.84,,,,,,,,,,
2024-12-19,6.72,5.92,,,,,,,,,,
2024-12-26,6.85,6.0,,,,,,,,,,
2025-01-01,,,829376.0,,662.0,423100.0,1358.0,1460.0,65.1,329.069,409.153,429.087
2025-01-02,6.91,6.13,,,,,,,,,,
2025-01-09,6.93,6.14,,,,,,,,,,
2025-01-16,7.04,6.27,,,,,,,,,,
2025-01-23,6.96,6.16,,,,,,,,,,
2025-01-30,6.95,6.12,,,,,,,,,,
2025-02-01,,,847825.0,,642.0,,1490.0,1454.0,,329.916,410.635,430.318
2025-02-06,6.89,6.05,,,,,,,,,,
2025-02-13,6.87,6.09,,,,,,,,,,
2025-02-20,6.85,6.04,,,,,,,,,,
2025-02-27,6.76,5.94,,,,,,,,,,
2025-03-01,,,892561.0,4020000.0,660.0,,1355.0,1481.0,,328.956,411.99,431.645
2025-03-06,6.63,5.79,,,,,,,,,,
2025-03-13,6.65,5.8,,,,,,,,,,
2025-03-20,6.67,5.83,,,,,,,,,,
2025-03-27,6.65,5.89,,,,,,,,,,
2025-04-01,,,959251.0,4020000.0,706.0,416100.0,1398.0,1422.0,65.0,328.102,413.389,433.043
2025-04-03,6.64,5.82,,,,,,,,,,
2025-04-10,6.62,5.82,,,,,,,,,,
2025-04-17,6.83,6.03,,,,,,,,,,
2025-04-24,6.81,5.94,,,,,,,,,,
2025-05-01,6.76,5.92,1036101.0,4040000.0,627.0,,1282.0,1394.0,,327.525,414.689,434.038
2025-05-08,6.76,5.89,,,,,,,,,,
2025-05-15,6.81,5.92,,,,,,,,,,
2025-05-22,6.86,6.01,,,,,,,,,,
2025-05-29,6.89,6.03,,,,,,,,,,
2025-06-01,,,1082520.0,3980000.0,662.0,,1382.0,1393.0,,326.999,415.455,435.033
2025-06-05,6.85,5.99,,,,,,,,,,
2025-06-12,6.84,5.97,,,,,,,,,,
2025-06-18,6.81,5.96,,,,,,,,,,
2025-06-26,6.77,5.89,,,,,,,,,,
2025-07-01,,,1102787.0,4030000.0,639.0,410100.0,1420.0,1362.0,65.3,326.904,416.271,436.05
2025-07-03,6.67,5.8,,,,,,,,,,
2025-07-10,6.72,5.86,,,,,,,,,,
2025-07-17,6.75,5.92,,,,,,,,,,
2025-07-24,6.74,5.87,,,,,,,,,,
2025-07-31,6.72,5.85,,,,,,,,,,
2025-08-01,,,1098681.0,4030000.0,706.0,,1291.0,1330.0,,327.197,417.902,437.294
2025-08-07,6.63,5.75,,,,,,,,,,
2025-08-14,6.58,5.71,,,,,,,,,,
2025-08-21,6.58,5.69,,,,,,,,,,
2025-08-28,6.56,5.69,,,,,,,,,,
2025-09-01,,,1100407.0,4080000.0,719.0,,1328.0,1415.0,,327.646,418.598,438.237
2025-09-04,6.5,5.6,,,,,,,,,,
2025-09-11,6.35,5.5,,,,,,,,,,
2025-09-18,6.26,5.41,,,,,,,,,,
2025-09-25,6.3,5.49,,,,,,,,,,
2025-10-01,,,1099856.0,4110000.0,650.0,405300.0,1272.0,1411.0,65.7,328.74,,
2025-10-02,6.34,5.55,,,,,,,,,,
2025-10-09,6.3,5.53,,,,,,,,,,
2025-10-16,6.27,5.52,,,,,,,,,,
2025-10-23,6.19,5.44,,,,,,,,,,
2025-10-30,6.17,5.41,,,,,,,,,,
2025-11-01,,,1072266.0,4090000.0,764.0,,1324.0,1388.0,,330.073,418.593,439.002
2025-11-06,6.22,5.5,,,,,,,,,,
2025-11-13,6.24,5.49,,,,,,,,,,
2025-11-20,6.26,5.54,,,,,,,,,,
2025-11-26,6.23,5.51,,,,,,,,,,
2025-12-01,,,976833.0,4270000.0,712.0,,1373.0,1455.0,,331.258,420.134,440.189
2025-12-04,6.19,5.44,,,,,,,,,,
2025-12-11,6.22,5.54,,,,,,,,,,
2025-12-18,6.21,5.47,,,,,,,,,,
2025-12-24,6.18,5.5,,,,,,,,,,
2025-12-31,6.15,5.44,,,,,,,,,,
2026-01-01,,,912696.0,4020000.0,587.0,,1398.0,1386.0,65.3,331.801,421.526,441.285
2026-01-08,6.16,5.46,,,,,,,,,,
2026-01-15,6.06,5.38,,,,,,,,,,
2026-01-22,6.09,5.44,,,,,,,,,,
2026-01-29,6.1,5.49,,,,,,,,,,
2026-02-01,,,914860.0,4130000.0,,,1356.0,1538.0,,332.098,422.776,441.865
2026-02-05,6.11,5.5,,,,,,,,,,
2026-02-12,6.09,5.44,,,,,,,,,,
2026-02-19,6.01,5.35,,,,,,,,,,
2026-02-26,5.98,5.44,,,,,,,,,,
2026-03-01,,,964477.0,3980000.0,,,1502.0,1372.0,,,424.45,442.705
2026-03-05,6.0,5.43,,,,,,,,,,
2026-03-12,6.11,5.5,,,,,,,,,,
2026-03-19,6.22,5.54,,,,,,,,,,
2026-03-26,6.38,5.75,,,,,,,,,,
2026-04-02,6.46,5.77,,,,,,,,,,
2026-04-09,6.37,5.74,,,,,,,,,,
2026-04-16,6.3,5.65,,,,,,,,,,
2026-04-23,6.23,5.58,,,,,,,,,,
2026-04-30,6.3,5.64,,,,,,,,,,
